# ************************************************************
# Sequel Pro SQL dump
# Version 5438
#
# https://www.sequelpro.com/
# https://github.com/sequelpro/sequelpro
#
# Host: us-cdbr-iron-east-03.cleardb.net (MySQL 5.5.56-log)
# Database: heroku_92e1faea35b1b58
# Generation Time: 2019-04-09 16:46:25 +0000
# ************************************************************


/*!40101 SET @OLD_CHARACTER_SET_CLIENT=@@CHARACTER_SET_CLIENT */;
/*!40101 SET @OLD_CHARACTER_SET_RESULTS=@@CHARACTER_SET_RESULTS */;
/*!40101 SET @OLD_COLLATION_CONNECTION=@@COLLATION_CONNECTION */;
/*!40101 SET NAMES utf8 */;
SET NAMES utf8mb4;
/*!40014 SET @OLD_FOREIGN_KEY_CHECKS=@@FOREIGN_KEY_CHECKS, FOREIGN_KEY_CHECKS=0 */;
/*!40101 SET @OLD_SQL_MODE=@@SQL_MODE, SQL_MODE='NO_AUTO_VALUE_ON_ZERO' */;
/*!40111 SET @OLD_SQL_NOTES=@@SQL_NOTES, SQL_NOTES=0 */;


# Dump of table activities
# ------------------------------------------------------------

DROP TABLE IF EXISTS `activities`;

CREATE TABLE `activities` (
  `id` bigint(20) NOT NULL AUTO_INCREMENT,
  `user_id` bigint(20) DEFAULT NULL,
  `date` datetime DEFAULT NULL,
  `latitude` decimal(10,6) DEFAULT NULL,
  `longitude` decimal(10,6) DEFAULT NULL,
  `created_at` datetime NOT NULL,
  `updated_at` datetime NOT NULL,
  PRIMARY KEY (`id`),
  KEY `index_activities_on_user_id` (`user_id`),
  CONSTRAINT `fk_rails_7e11bb717f` FOREIGN KEY (`user_id`) REFERENCES `users` (`id`)
) ENGINE=InnoDB DEFAULT CHARSET=utf8;



# Dump of table ar_internal_metadata
# ------------------------------------------------------------

DROP TABLE IF EXISTS `ar_internal_metadata`;

CREATE TABLE `ar_internal_metadata` (
  `key` varchar(255) NOT NULL,
  `value` varchar(255) DEFAULT NULL,
  `created_at` datetime NOT NULL,
  `updated_at` datetime NOT NULL,
  PRIMARY KEY (`key`)
) ENGINE=InnoDB DEFAULT CHARSET=utf8;

LOCK TABLES `ar_internal_metadata` WRITE;
/*!40000 ALTER TABLE `ar_internal_metadata` DISABLE KEYS */;

INSERT INTO `ar_internal_metadata` (`key`, `value`, `created_at`, `updated_at`)
VALUES
	('environment','production','2019-02-19 20:05:58','2019-02-19 20:05:58');

/*!40000 ALTER TABLE `ar_internal_metadata` ENABLE KEYS */;
UNLOCK TABLES;


# Dump of table cities
# ------------------------------------------------------------

DROP TABLE IF EXISTS `cities`;

CREATE TABLE `cities` (
  `id` bigint(20) NOT NULL AUTO_INCREMENT,
  `department_id` bigint(20) DEFAULT NULL,
  `name` varchar(255) DEFAULT NULL,
  `created_at` datetime NOT NULL,
  `updated_at` datetime NOT NULL,
  PRIMARY KEY (`id`),
  KEY `index_cities_on_department_id` (`department_id`),
  CONSTRAINT `fk_rails_1064bf2ba1` FOREIGN KEY (`department_id`) REFERENCES `departments` (`id`)
) ENGINE=InnoDB DEFAULT CHARSET=utf8;

LOCK TABLES `cities` WRITE;
/*!40000 ALTER TABLE `cities` DISABLE KEYS */;

INSERT INTO `cities` (`id`, `department_id`, `name`, `created_at`, `updated_at`)
VALUES
	(2,1,'cartagena','2019-03-11 00:34:46','2019-03-11 00:34:46'),
	(12,2,'cali','2019-03-11 00:34:46','2019-03-11 00:34:46'),
	(22,2,'palmira','2019-03-11 00:34:46','2019-03-11 00:34:46'),
	(32,2,'tulua','2019-03-11 00:34:46','2019-03-11 00:34:46'),
	(42,242,'Guayaquil','2019-03-26 16:25:14','2019-03-26 16:25:14'),
	(52,182,'Quito','2019-03-26 16:28:13','2019-03-26 16:28:13'),
	(62,12,'Cuenca','2019-03-26 16:28:45','2019-03-26 16:28:45'),
	(72,202,'Santo Domingo','2019-03-26 16:29:05','2019-03-26 16:29:05'),
	(82,72,'Machala','2019-03-26 16:29:25','2019-03-26 16:29:25'),
	(92,242,'Durán','2019-03-26 16:30:01','2019-03-26 16:30:01'),
	(102,132,'Manta','2019-03-26 16:30:18','2019-03-26 16:30:18'),
	(112,132,'Portoviejo','2019-03-26 16:30:36','2019-03-26 16:30:36'),
	(122,112,'Loja','2019-03-26 16:31:04','2019-03-26 16:31:04'),
	(132,222,'Ambato','2019-03-26 16:31:25','2019-03-26 16:31:25'),
	(142,82,'Esmeraldas','2019-03-26 16:31:45','2019-03-26 16:31:45'),
	(152,122,'Quevedo','2019-03-26 16:32:04','2019-03-26 16:32:04'),
	(162,52,' Riobamba','2019-03-26 16:32:23','2019-03-26 16:32:23'),
	(172,242,'Milagro','2019-03-26 16:32:51','2019-03-26 16:32:51'),
	(182,102,'Ibarra','2019-03-26 16:33:08','2019-03-26 16:33:08'),
	(192,192,' La Libertad','2019-03-26 16:33:23','2019-03-26 16:33:23'),
	(202,122,'Babahoyo','2019-03-26 16:33:51','2019-03-26 16:33:51'),
	(212,182,'Sangolquí','2019-03-26 16:35:13','2019-03-26 16:35:13'),
	(222,242,'Daule','2019-03-26 16:36:19','2019-03-26 16:36:19'),
	(232,62,'Latacunga','2019-03-26 16:36:40','2019-03-26 16:36:40'),
	(242,42,'Tulcán','2019-03-26 16:37:48','2019-03-26 16:37:48'),
	(252,132,'El Carmen','2019-03-26 16:38:33','2019-03-26 16:38:33'),
	(262,132,'Chone','2019-03-26 16:39:11','2019-03-26 16:39:11'),
	(272,72,'Pasaje','2019-03-26 16:39:26','2019-03-26 16:39:26'),
	(282,72,'Santa Rosa','2019-03-26 16:39:45','2019-03-26 16:39:45'),
	(292,212,'Nueva Loja','2019-03-26 16:40:02','2019-03-26 16:40:02'),
	(302,72,'Huaquillas','2019-03-26 16:40:22','2019-03-26 16:40:22'),
	(312,132,'Montecristi','2019-03-26 16:40:39','2019-03-26 16:40:39'),
	(322,242,'Samborondón','2019-03-26 18:13:01','2019-03-26 18:13:01'),
	(332,162,'Puerto Francisco de Orellana','2019-03-26 18:13:21','2019-03-26 18:13:21'),
	(342,132,'Jipijapa','2019-03-26 18:13:36','2019-03-26 18:13:36'),
	(352,192,'Santa Elena','2019-03-26 18:13:50','2019-03-26 18:13:50'),
	(362,102,'Otavalo','2019-03-26 18:14:13','2019-03-26 18:14:13'),
	(372,182,'Cayambe','2019-03-26 18:14:36','2019-03-26 18:14:36'),
	(382,122,'Buena Fe','2019-03-26 18:14:54','2019-03-26 18:14:54'),
	(392,122,'Ventanas','2019-03-26 18:15:08','2019-03-26 18:15:08'),
	(402,242,'Velasco Ibarra','2019-03-26 18:15:24','2019-03-26 18:15:24'),
	(412,32,'La Troncal','2019-03-26 18:15:40','2019-03-26 18:15:40'),
	(422,242,'El Triunfo','2019-03-26 18:15:54','2019-03-26 18:15:54'),
	(432,192,'Salinas','2019-03-26 18:16:09','2019-03-26 18:16:09'),
	(442,242,'Playas','2019-03-26 18:16:28','2019-03-26 18:16:28'),
	(452,32,'','2019-03-26 18:16:44','2019-03-26 18:16:44'),
	(462,172,'Puyo','2019-03-26 18:17:04','2019-03-26 18:17:04'),
	(472,122,'Vinces','2019-03-26 18:17:53','2019-03-26 18:17:53'),
	(482,202,'La Concordia','2019-03-26 18:18:08','2019-03-26 18:18:08'),
	(492,82,'Quinindé','2019-03-26 18:18:24','2019-03-26 18:18:24'),
	(502,242,'Balzar','2019-03-26 18:18:39','2019-03-26 18:18:39'),
	(512,242,'Naranjito','2019-03-26 18:19:33','2019-03-26 18:19:33'),
	(522,242,'Naranjal','2019-03-26 18:19:57','2019-03-26 18:19:57'),
	(532,1,'Guaranda','2019-03-26 18:20:12','2019-03-26 18:20:12'),
	(542,62,'La Maná','2019-03-26 18:20:30','2019-03-26 18:20:30'),
	(552,152,'Tena','2019-03-26 18:23:19','2019-03-26 18:23:19'),
	(562,82,'San Lorenzo','2019-03-26 18:57:34','2019-03-26 18:57:34'),
	(572,112,'Catamayo','2019-03-26 18:57:49','2019-03-26 18:57:49'),
	(582,72,'El Guabo','2019-03-26 18:58:06','2019-03-26 18:58:06'),
	(592,132,'Pedernales','2019-03-26 18:58:24','2019-03-26 18:58:24'),
	(602,102,'Atuntaqui','2019-03-26 18:58:40','2019-03-26 18:58:40'),
	(612,132,'Bahía de Caráquez','2019-03-26 19:07:53','2019-03-26 19:07:53'),
	(622,242,'Pedro Carbo','2019-03-26 19:08:06','2019-03-26 19:08:06'),
	(632,142,'Macas','2019-03-26 19:08:19','2019-03-26 19:08:19'),
	(642,242,'Yaguachi','2019-03-26 19:08:50','2019-03-26 19:08:50'),
	(652,132,'Calceta','2019-03-26 19:09:08','2019-03-26 19:09:30'),
	(662,72,'Arenillas','2019-03-26 19:09:52','2019-03-26 19:09:52'),
	(672,132,'Jaramijó','2019-03-26 19:12:32','2019-03-26 19:12:32'),
	(682,122,'Valencia','2019-03-26 19:12:47','2019-03-26 19:12:47'),
	(692,182,'Machachi','2019-03-26 19:13:01','2019-03-26 19:13:01'),
	(702,212,'Shushufindi','2019-03-26 19:13:17','2019-03-26 19:13:17'),
	(712,82,' Atacames','2019-03-26 19:13:34','2019-03-26 19:13:34'),
	(722,72,'Piñas','2019-03-26 19:13:48','2019-03-26 19:13:48'),
	(732,42,'San Gabriel','2019-03-26 19:14:00','2019-03-26 19:14:00'),
	(742,12,'Gualaceo','2019-03-26 19:14:13','2019-03-26 19:14:13'),
	(752,242,'Lomas de Sargentillo','2019-03-26 19:14:27','2019-03-26 19:14:27'),
	(762,32,'Cañar','2019-03-26 19:14:39','2019-03-26 19:14:39'),
	(772,112,'Cariamanga','2019-03-26 19:14:56','2019-03-26 19:14:56'),
	(782,222,'Baños de Agua Santa','2019-03-26 19:15:16','2019-03-26 19:15:16'),
	(792,122,'Montalvo','2019-03-26 19:15:38','2019-03-26 19:15:38'),
	(802,112,'Macará','2019-03-26 19:15:52','2019-03-26 19:15:52'),
	(812,62,'Salcedo','2019-03-26 19:16:11','2019-03-26 19:16:11'),
	(822,232,'Zamora','2019-03-26 19:16:25','2019-03-26 19:16:25'),
	(832,92,'Puerto Ayora','2019-03-26 19:16:38','2019-03-26 19:16:38'),
	(842,162,' La Joya de los Sachas','2019-03-26 19:16:53','2019-03-26 19:16:53'),
	(852,242,'Salitre','2019-03-26 19:17:08','2019-03-26 19:17:08'),
	(862,132,'Tosagua','2019-03-26 20:35:50','2019-03-26 20:35:50'),
	(872,222,'Pelileo','2019-03-26 20:36:14','2019-03-26 20:36:14'),
	(882,62,'Pujilí','2019-03-26 20:36:31','2019-03-26 20:36:31'),
	(892,182,'Tabacundo','2019-03-26 20:36:54','2019-03-26 20:36:54'),
	(902,132,'Puerto López','2019-03-26 20:37:09','2019-03-26 20:37:09'),
	(912,132,'San Vicente','2019-03-26 20:37:36','2019-03-26 20:37:36'),
	(922,132,' Santa Ana','2019-03-26 21:48:11','2019-03-26 21:48:11'),
	(932,72,'Zaruma','2019-03-26 21:48:25','2019-03-26 21:48:25'),
	(942,242,'Balao','2019-03-26 21:48:39','2019-03-26 21:48:39'),
	(952,132,'Rocafuerte','2019-03-26 21:48:53','2019-03-26 21:48:53'),
	(962,232,'Yantzaza','2019-03-26 21:49:08','2019-03-26 21:49:08'),
	(972,102,'Cotacachi','2019-03-26 21:49:27','2019-03-26 21:49:27'),
	(982,242,'Santa Lucía','2019-03-26 21:49:44','2019-03-26 21:49:44'),
	(992,52,'Cumandá','2019-03-26 21:50:03','2019-03-26 21:50:03'),
	(1002,242,'Palestina','2019-03-26 21:50:20','2019-03-26 21:50:20'),
	(1012,242,'Alfredo Baquerizo Moreno ','2019-03-26 21:50:35','2019-03-26 21:50:35'),
	(1022,242,'Nobol','2019-03-26 21:50:49','2019-03-26 21:50:49'),
	(1032,122,'Mocache','2019-03-26 21:51:07','2019-03-26 21:51:07'),
	(1042,122,'Puebloviejo','2019-03-26 21:51:26','2019-03-26 21:51:26'),
	(1052,72,'Portovelo','2019-03-26 21:51:43','2019-03-26 21:51:43'),
	(1062,142,'Sucúa','2019-03-26 21:52:47','2019-03-26 21:52:47'),
	(1072,52,'Guano','2019-03-26 21:53:08','2019-03-26 21:53:08'),
	(1082,222,' Píllaro','2019-03-26 21:53:24','2019-03-26 21:53:24'),
	(1092,242,'Simón Bolívar','2019-03-29 00:28:13','2019-03-29 00:28:13'),
	(1102,142,'Gualaquiza','2019-03-29 00:32:44','2019-03-29 00:32:44'),
	(1112,12,'Paute','2019-03-29 00:32:57','2019-03-29 00:32:57'),
	(1122,62,'Saquisilí','2019-03-29 00:33:14','2019-03-29 00:33:14'),
	(1132,242,'Cnel. Marcelino Maridueña','2019-03-29 00:33:37','2019-03-29 00:33:37'),
	(1142,132,'Paján','2019-03-29 00:35:40','2019-03-29 00:35:40'),
	(1152,1,'San Miguel','2019-03-29 00:35:54','2019-03-29 00:35:54'),
	(1162,92,'Puerto Baquerizo Moreno','2019-03-29 00:36:10','2019-03-29 00:36:10'),
	(1172,112,'Catacocha','2019-03-29 00:36:24','2019-03-29 00:36:24'),
	(1182,122,'Palenque','2019-03-29 00:36:42','2019-03-29 00:36:42'),
	(1192,52,'Alausí','2019-03-29 00:37:36','2019-03-29 00:37:36'),
	(1202,1,'Caluma','2019-03-29 00:37:49','2019-03-29 00:37:49'),
	(1212,122,'Catarama','2019-03-29 00:38:10','2019-03-29 00:38:10'),
	(1222,132,'Flavio Alfaro','2019-03-29 00:38:24','2019-03-29 00:38:24'),
	(1232,242,'Colimes','2019-03-29 00:38:37','2019-03-29 00:38:37'),
	(1242,1,'Echeandía','2019-03-29 00:38:54','2019-03-29 00:38:54'),
	(1252,132,'Jama','2019-03-29 00:39:09','2019-03-29 00:39:09'),
	(1262,242,'Gral. Antonio Elizalde ','2019-03-29 00:39:22','2019-03-29 00:39:22'),
	(1272,242,'Isidro Ayora','2019-03-29 00:39:35','2019-03-29 00:39:35'),
	(1282,82,'Muisne','2019-03-29 00:39:48','2019-03-29 00:39:48'),
	(1292,12,'Santa Isabel','2019-03-29 00:40:03','2019-03-29 00:40:03'),
	(1302,182,'Pedro Vicente Maldonado','2019-03-29 00:40:16','2019-03-29 00:40:16'),
	(1312,32,'Biblián','2019-03-29 00:40:28','2019-03-29 00:40:28'),
	(1322,152,'Archidona','2019-03-29 00:40:40','2019-03-29 00:40:40'),
	(1332,132,'Junín','2019-03-29 00:40:53','2019-03-29 00:40:53'),
	(1342,122,'Baba','2019-03-29 00:41:09','2019-03-29 00:41:09'),
	(1352,82,'Valdez (Limones)','2019-03-29 00:41:28','2019-03-29 00:41:28'),
	(1362,102,'Pimampiro','2019-03-29 00:41:43','2019-03-29 00:41:43'),
	(1372,12,'Camilo Ponce Enríquez','2019-03-29 00:42:01','2019-03-29 00:42:01'),
	(1382,182,'San Miguel de Los Bancos','2019-03-29 00:42:14','2019-03-29 00:42:14'),
	(1392,32,'El Tambo','2019-03-29 00:42:35','2019-03-29 00:42:35'),
	(1402,122,'Quinsaloma','2019-03-29 00:42:48','2019-03-29 00:42:48'),
	(1412,42,'El Ángel','2019-03-29 00:43:06','2019-03-29 00:43:06'),
	(1422,112,' Alamor','2019-03-29 00:43:18','2019-03-29 00:43:18'),
	(1432,52,'Chambo','2019-03-29 00:47:06','2019-03-29 00:47:06'),
	(1442,1,'Chimbo','2019-03-29 00:47:24','2019-03-29 00:47:24'),
	(1452,112,'Celica','2019-03-29 00:47:35','2019-03-29 00:47:35'),
	(1462,12,'Chordeleg','2019-03-29 00:47:50','2019-03-29 00:47:50'),
	(1472,72,'Balsas','2019-03-29 00:48:17','2019-03-29 00:48:17'),
	(1482,112,'Saraguro','2019-03-29 00:48:33','2019-03-29 00:48:33'),
	(1492,152,'El Chaco','2019-03-29 00:48:48','2019-03-29 00:48:48'),
	(1502,12,'Girón','2019-03-29 00:49:05','2019-03-29 00:49:05'),
	(1512,42,'Huaca','2019-03-29 00:49:19','2019-03-29 00:49:19'),
	(1522,132,'Pichincha','2019-03-29 00:49:33','2019-03-29 00:49:33'),
	(1532,52,'Chunchi','2019-03-29 00:49:50','2019-03-29 00:49:50'),
	(1542,52,' Pallatanga','2019-03-29 00:50:08','2019-03-29 00:50:08'),
	(1552,72,' Marcabelí','2019-03-29 00:56:20','2019-03-29 00:56:20'),
	(1562,12,'Sígsig','2019-03-29 00:56:34','2019-03-29 00:56:34'),
	(1572,142,'Gral. Leonidas Plaza ','2019-03-29 00:56:50','2019-03-29 00:56:50'),
	(1582,102,'Urcuquí','2019-03-29 00:57:06','2019-03-29 00:57:06'),
	(1592,82,'Rioverde','2019-03-29 00:57:55','2019-03-29 00:57:55'),
	(1602,142,'Palora','2019-03-29 00:58:36','2019-03-29 00:58:36'),
	(1612,42,'Mira','2019-03-29 00:58:52','2019-03-29 00:58:52'),
	(1622,232,'El Pangui','2019-03-29 01:02:13','2019-03-29 01:02:13'),
	(1632,182,'Puerto Quito','2019-03-29 01:02:27','2019-03-29 01:02:27'),
	(1642,42,'Bolívar','2019-03-29 01:02:39','2019-03-29 01:02:39'),
	(1652,132,'Sucre','2019-03-29 01:02:53','2019-03-29 01:02:53'),
	(1662,1,' Chillanes','2019-03-29 01:03:05','2019-03-29 01:03:05'),
	(1672,222,'Quero','2019-03-29 01:03:29','2019-03-29 01:03:29'),
	(1682,52,'Guamote','2019-03-29 01:04:08','2019-03-29 01:04:08'),
	(1692,222,'Cevallos','2019-03-29 01:04:20','2019-03-29 01:04:20'),
	(1702,112,'Zapotillo','2019-03-29 01:04:31','2019-03-29 01:04:31'),
	(1712,52,'Villa La Unión','2019-03-29 01:04:47','2019-03-29 01:04:47'),
	(1722,142,'Santiago de Méndez','2019-03-29 01:05:01','2019-03-29 01:05:01'),
	(1732,232,'Zumbi','2019-03-29 01:05:21','2019-03-29 01:05:21'),
	(1742,212,'Puerto El Carmen de Putumayo','2019-03-29 01:05:50','2019-03-29 01:05:50'),
	(1752,222,'Patate','2019-03-29 01:14:24','2019-03-29 01:14:24'),
	(1762,132,'Olmedo','2019-03-29 01:14:44','2019-03-29 01:14:44'),
	(1772,92,'Puerto Villamil','2019-03-29 01:14:58','2019-03-29 01:14:58'),
	(1782,212,'El Dorado de Cascales','2019-03-29 01:15:19','2019-03-29 01:15:19'),
	(1792,212,'Lumbaqui','2019-03-29 01:15:32','2019-03-29 01:15:32'),
	(1802,232,'Palanda','2019-03-29 01:15:45','2019-03-29 01:15:45'),
	(1812,62,'Sigchos','2019-03-29 01:15:57','2019-03-29 01:15:57'),
	(1822,112,'Pindal','2019-03-29 01:16:14','2019-03-29 01:16:14'),
	(1832,232,'Guayzimi','2019-03-29 01:16:32','2019-03-29 01:16:32'),
	(1842,152,'Baeza','2019-03-29 01:16:47','2019-03-29 01:16:47'),
	(1852,62,'El Corazón','2019-03-29 01:17:00','2019-03-29 01:17:00'),
	(1862,72,'Paccha','2019-03-29 01:18:50','2019-03-29 01:18:50'),
	(1872,112,'Amaluza','2019-03-29 01:19:06','2019-03-29 01:19:06'),
	(1882,1,'Las Naves','2019-03-29 01:19:33','2019-03-29 01:19:33'),
	(1892,142,'Logroño','2019-03-29 01:19:50','2019-03-29 01:19:50'),
	(1902,12,'San Fernando','2019-03-29 01:20:02','2019-03-29 01:20:02'),
	(1912,112,'Gonzanamá','2019-03-29 01:20:15','2019-03-29 01:20:15'),
	(1922,142,'San Juan Bosco','2019-03-29 01:20:30','2019-03-29 01:20:30'),
	(1932,232,'Yacuambi','2019-03-29 01:20:43','2019-03-29 01:20:43'),
	(1942,172,' Santa Clara','2019-03-29 01:20:55','2019-03-29 01:20:55'),
	(1952,172,'Arajuno','2019-03-29 01:21:10','2019-03-29 01:21:10'),
	(1962,212,'Tarapoa','2019-03-29 01:21:23','2019-03-29 01:21:23'),
	(1972,222,'Tisaleo','2019-03-29 01:21:34','2019-03-29 01:21:34'),
	(1982,32,'Suscal','2019-03-29 01:21:49','2019-03-29 01:21:49'),
	(1992,12,'Nabón','2019-03-29 01:22:01','2019-03-29 01:22:01'),
	(2002,162,'Nuevo Rocafuerte','2019-03-29 01:22:19','2019-03-29 01:22:19'),
	(2012,222,'Mocha','2019-03-29 01:22:33','2019-03-29 01:22:33'),
	(2022,72,' La Victoria','2019-03-29 01:22:52','2019-03-29 01:22:52'),
	(2032,12,'Guachapala','2019-03-29 03:15:43','2019-03-29 03:15:43'),
	(2042,132,'las delicias','2019-03-29 14:25:12','2019-03-29 14:25:12'),
	(2052,202,'Nuevo Israel','2019-03-29 14:35:58','2019-03-29 14:35:58');

/*!40000 ALTER TABLE `cities` ENABLE KEYS */;
UNLOCK TABLES;


# Dump of table countries
# ------------------------------------------------------------

DROP TABLE IF EXISTS `countries`;

CREATE TABLE `countries` (
  `id` bigint(20) NOT NULL AUTO_INCREMENT,
  `name` varchar(255) DEFAULT NULL,
  `created_at` datetime NOT NULL,
  `updated_at` datetime NOT NULL,
  PRIMARY KEY (`id`)
) ENGINE=InnoDB DEFAULT CHARSET=utf8;

LOCK TABLES `countries` WRITE;
/*!40000 ALTER TABLE `countries` DISABLE KEYS */;

INSERT INTO `countries` (`id`, `name`, `created_at`, `updated_at`)
VALUES
	(1,'colombia','2019-03-11 00:34:46','2019-03-11 00:34:46'),
	(12,'Ecuador','2019-03-25 16:25:42','2019-03-25 16:25:42');

/*!40000 ALTER TABLE `countries` ENABLE KEYS */;
UNLOCK TABLES;


# Dump of table departments
# ------------------------------------------------------------

DROP TABLE IF EXISTS `departments`;

CREATE TABLE `departments` (
  `id` bigint(20) NOT NULL AUTO_INCREMENT,
  `country_id` bigint(20) DEFAULT NULL,
  `name` varchar(255) DEFAULT NULL,
  `created_at` datetime NOT NULL,
  `updated_at` datetime NOT NULL,
  PRIMARY KEY (`id`),
  KEY `index_departments_on_country_id` (`country_id`),
  CONSTRAINT `fk_rails_1cbf437e14` FOREIGN KEY (`country_id`) REFERENCES `countries` (`id`)
) ENGINE=InnoDB DEFAULT CHARSET=utf8;

LOCK TABLES `departments` WRITE;
/*!40000 ALTER TABLE `departments` DISABLE KEYS */;

INSERT INTO `departments` (`id`, `country_id`, `name`, `created_at`, `updated_at`)
VALUES
	(1,1,'bolivar','2019-03-11 00:34:46','2019-03-11 00:34:46'),
	(2,1,'valle del cauca','2019-03-11 00:34:46','2019-03-11 00:34:46'),
	(12,12,'Azuay','2019-03-26 16:12:29','2019-03-26 16:12:29'),
	(22,12,'Bolívar','2019-03-26 16:12:52','2019-03-26 16:12:52'),
	(32,12,'Cañar','2019-03-26 16:13:13','2019-03-26 16:13:13'),
	(42,12,' Carchi','2019-03-26 16:13:29','2019-03-26 16:13:29'),
	(52,12,'Chimborazo','2019-03-26 16:13:49','2019-03-26 16:13:49'),
	(62,12,'Cotopaxi','2019-03-26 16:14:08','2019-03-26 16:14:08'),
	(72,12,'El Oro','2019-03-26 16:14:27','2019-03-26 16:14:27'),
	(82,12,'Esmeraldas','2019-03-26 16:14:46','2019-03-26 16:14:46'),
	(92,12,'Galápagos','2019-03-26 16:15:05','2019-03-26 16:15:05'),
	(102,12,'Imbabura','2019-03-26 16:15:22','2019-03-26 16:15:22'),
	(112,12,'Loja','2019-03-26 16:15:54','2019-03-26 16:15:54'),
	(122,12,'Los Ríos','2019-03-26 16:16:54','2019-03-26 16:16:54'),
	(132,12,'Manabí','2019-03-26 16:17:10','2019-03-26 16:17:10'),
	(142,12,'Morona Santiago','2019-03-26 16:17:29','2019-03-26 16:17:29'),
	(152,12,'Napo','2019-03-26 16:17:45','2019-03-26 16:17:45'),
	(162,12,'Orellana','2019-03-26 16:18:06','2019-03-26 16:18:06'),
	(172,12,'Pastaza','2019-03-26 16:18:22','2019-03-26 16:18:22'),
	(182,12,'Pichincha','2019-03-26 16:18:38','2019-03-26 16:18:38'),
	(192,12,'Santa Elena','2019-03-26 16:18:55','2019-03-26 16:18:55'),
	(202,12,'Santo Domingo de los Tsáchilas','2019-03-26 16:19:11','2019-03-26 16:19:11'),
	(212,12,'Sucumbíos','2019-03-26 16:19:27','2019-03-26 16:19:27'),
	(222,12,'Tungurahua','2019-03-26 16:19:46','2019-03-26 16:19:46'),
	(232,12,'Zamora Chinchipe','2019-03-26 16:20:01','2019-03-26 16:20:01'),
	(242,12,'Guayas','2019-03-26 16:20:17','2019-03-26 16:20:17');

/*!40000 ALTER TABLE `departments` ENABLE KEYS */;
UNLOCK TABLES;


# Dump of table dues
# ------------------------------------------------------------

DROP TABLE IF EXISTS `dues`;

CREATE TABLE `dues` (
  `id` bigint(20) NOT NULL AUTO_INCREMENT,
  `name` varchar(255) DEFAULT NULL,
  `periodicity` int(11) DEFAULT NULL,
  `interests` decimal(10,0) DEFAULT NULL,
  `created_at` datetime NOT NULL,
  `updated_at` datetime NOT NULL,
  PRIMARY KEY (`id`)
) ENGINE=InnoDB DEFAULT CHARSET=utf8;

LOCK TABLES `dues` WRITE;
/*!40000 ALTER TABLE `dues` DISABLE KEYS */;

INSERT INTO `dues` (`id`, `name`, `periodicity`, `interests`, `created_at`, `updated_at`)
VALUES
	(1,'Diario',1,1,'2019-03-06 04:58:09','2019-03-06 04:58:09'),
	(2,'Semanal',8,1,'2019-03-06 04:58:09','2019-03-06 04:58:09'),
	(3,'Quincenal',15,1,'2019-03-06 04:58:09','2019-03-06 04:58:09'),
	(4,'Mensual',30,1,'2019-03-06 04:58:09','2019-03-06 04:58:09');

/*!40000 ALTER TABLE `dues` ENABLE KEYS */;
UNLOCK TABLES;


# Dump of table enterprises
# ------------------------------------------------------------

DROP TABLE IF EXISTS `enterprises`;

CREATE TABLE `enterprises` (
  `id` bigint(20) NOT NULL AUTO_INCREMENT,
  `name` varchar(255) DEFAULT NULL,
  `description` text,
  `country_id` bigint(20) DEFAULT NULL,
  `created_at` datetime NOT NULL,
  `updated_at` datetime NOT NULL,
  PRIMARY KEY (`id`),
  KEY `index_enterprises_on_country_id` (`country_id`),
  CONSTRAINT `fk_rails_654444fc5e` FOREIGN KEY (`country_id`) REFERENCES `countries` (`id`)
) ENGINE=InnoDB DEFAULT CHARSET=utf8;

LOCK TABLES `enterprises` WRITE;
/*!40000 ALTER TABLE `enterprises` DISABLE KEYS */;

INSERT INTO `enterprises` (`id`, `name`, `description`, `country_id`, `created_at`, `updated_at`)
VALUES
	(2,'Genios Editores','',1,'2019-03-25 16:17:18','2019-03-25 16:17:18'),
	(12,'Editores del Valle','',12,'2019-03-31 05:13:50','2019-03-31 05:13:50');

/*!40000 ALTER TABLE `enterprises` ENABLE KEYS */;
UNLOCK TABLES;


# Dump of table inventory_transfers
# ------------------------------------------------------------

DROP TABLE IF EXISTS `inventory_transfers`;

CREATE TABLE `inventory_transfers` (
  `id` bigint(20) NOT NULL AUTO_INCREMENT,
  `sender_id` bigint(20) DEFAULT NULL,
  `recipient_id` bigint(20) DEFAULT NULL,
  `date` date DEFAULT NULL,
  `ware_id` bigint(20) DEFAULT NULL,
  `quantity` int(11) DEFAULT NULL,
  `observations` text,
  `created_at` datetime NOT NULL,
  `updated_at` datetime NOT NULL,
  PRIMARY KEY (`id`),
  KEY `index_inventory_transfers_on_sender_id` (`sender_id`),
  KEY `index_inventory_transfers_on_recipient_id` (`recipient_id`),
  KEY `index_inventory_transfers_on_ware_id` (`ware_id`),
  CONSTRAINT `fk_rails_6c8c3d4039` FOREIGN KEY (`recipient_id`) REFERENCES `users` (`id`),
  CONSTRAINT `fk_rails_89cf5c655d` FOREIGN KEY (`sender_id`) REFERENCES `users` (`id`),
  CONSTRAINT `fk_rails_a5fa18de3c` FOREIGN KEY (`ware_id`) REFERENCES `wares` (`id`)
) ENGINE=InnoDB DEFAULT CHARSET=utf8;



# Dump of table load_wares
# ------------------------------------------------------------

DROP TABLE IF EXISTS `load_wares`;

CREATE TABLE `load_wares` (
  `id` bigint(20) NOT NULL AUTO_INCREMENT,
  `user_id` bigint(20) DEFAULT NULL,
  `ware_id` bigint(20) DEFAULT NULL,
  `quantity` int(11) DEFAULT NULL,
  `created_at` datetime NOT NULL,
  `updated_at` datetime NOT NULL,
  `observations` text,
  PRIMARY KEY (`id`),
  KEY `index_load_wares_on_user_id` (`user_id`),
  KEY `index_load_wares_on_ware_id` (`ware_id`),
  CONSTRAINT `fk_rails_1db532cc66` FOREIGN KEY (`user_id`) REFERENCES `users` (`id`),
  CONSTRAINT `fk_rails_1ecbd0483e` FOREIGN KEY (`ware_id`) REFERENCES `wares` (`id`)
) ENGINE=InnoDB DEFAULT CHARSET=utf8;

LOCK TABLES `load_wares` WRITE;
/*!40000 ALTER TABLE `load_wares` DISABLE KEYS */;

INSERT INTO `load_wares` (`id`, `user_id`, `ware_id`, `quantity`, `created_at`, `updated_at`, `observations`)
VALUES
	(2,12,2,10,'2019-02-21 20:19:11','2019-02-21 20:19:11','carga');

/*!40000 ALTER TABLE `load_wares` ENABLE KEYS */;
UNLOCK TABLES;


# Dump of table orders
# ------------------------------------------------------------

DROP TABLE IF EXISTS `orders`;

CREATE TABLE `orders` (
  `id` bigint(20) NOT NULL AUTO_INCREMENT,
  `code` varchar(255) DEFAULT NULL,
  `department_id` bigint(20) DEFAULT NULL,
  `city_id` bigint(20) DEFAULT NULL,
  `date` date DEFAULT NULL,
  `client_name` varchar(255) DEFAULT NULL,
  `client_phone` varchar(255) DEFAULT NULL,
  `spouse_name` varchar(255) DEFAULT NULL,
  `spouse_phone` varchar(255) DEFAULT NULL,
  `address_one` varchar(255) DEFAULT NULL,
  `neighborhood_address_one` varchar(255) DEFAULT NULL,
  `address_two` varchar(255) DEFAULT NULL,
  `neighborhood_address_two` varchar(255) DEFAULT NULL,
  `familiar_reference` varchar(255) DEFAULT NULL,
  `familiar_reference_phone` varchar(255) DEFAULT NULL,
  `personal_reference` varchar(255) DEFAULT NULL,
  `personal_reference_phone` varchar(255) DEFAULT NULL,
  `payment_date` date DEFAULT NULL,
  `observations` text,
  `quota_quantity` int(11) DEFAULT '0',
  `quota_amount` decimal(13,2) DEFAULT '0.00',
  `total_paid` decimal(13,2) DEFAULT '0.00',
  `latitude` decimal(10,6) DEFAULT '0.000000',
  `longitude` decimal(10,6) DEFAULT '0.000000',
  `created_at` datetime NOT NULL,
  `updated_at` datetime NOT NULL,
  `user_id` bigint(20) DEFAULT NULL,
  `status` int(11) DEFAULT '0',
  `due_id` bigint(20) DEFAULT NULL,
  `country_id` bigint(20) DEFAULT NULL,
  `enterprise_id` bigint(20) DEFAULT NULL,
  `collector_id` bigint(20) DEFAULT NULL,
  PRIMARY KEY (`id`),
  KEY `index_orders_on_department_id` (`department_id`),
  KEY `index_orders_on_city_id` (`city_id`),
  KEY `index_orders_on_user_id` (`user_id`),
  KEY `index_orders_on_due_id` (`due_id`),
  KEY `index_orders_on_country_id` (`country_id`),
  KEY `index_orders_on_enterprise_id` (`enterprise_id`),
  KEY `index_orders_on_collector_id` (`collector_id`),
  CONSTRAINT `fk_rails_c95d94e715` FOREIGN KEY (`collector_id`) REFERENCES `users` (`id`),
  CONSTRAINT `fk_rails_ba95841a20` FOREIGN KEY (`department_id`) REFERENCES `departments` (`id`),
  CONSTRAINT `fk_rails_f9696f3f13` FOREIGN KEY (`city_id`) REFERENCES `cities` (`id`)
) ENGINE=InnoDB DEFAULT CHARSET=utf8;

LOCK TABLES `orders` WRITE;
/*!40000 ALTER TABLE `orders` DISABLE KEYS */;

INSERT INTO `orders` (`id`, `code`, `department_id`, `city_id`, `date`, `client_name`, `client_phone`, `spouse_name`, `spouse_phone`, `address_one`, `neighborhood_address_one`, `address_two`, `neighborhood_address_two`, `familiar_reference`, `familiar_reference_phone`, `personal_reference`, `personal_reference_phone`, `payment_date`, `observations`, `quota_quantity`, `quota_amount`, `total_paid`, `latitude`, `longitude`, `created_at`, `updated_at`, `user_id`, `status`, `due_id`, `country_id`, `enterprise_id`, `collector_id`)
VALUES
	(112,'617 ',132,252,'2019-03-28','Graciela lor ','0994944396','','','Avenida Chone ','Lotizacion Restrepo ','','','Cesar ','0990757475','Ramona santos','2480346','2019-04-05','Enseguida del lavadero de carros ',7,20.00,0.00,-0.267408,-79.435211,'2019-03-28 20:17:38','2019-03-28 20:22:35',2,0,4,12,2,32),
	(122,'618 ',132,252,'2019-03-28','Carolina chica ','0980068165','','','Calle Daniel comboni ','La restrepo','','','Jhony ','0980068165','Flora ','0982782383','2019-04-08','',14,10.00,0.00,-0.271276,-79.436150,'2019-03-28 21:35:50','2019-04-05 15:54:16',142,0,3,12,2,232),
	(132,'619',132,252,'2019-03-28','Ramón Mendoza ','0967281006','','','La restrepo','La Restrepo ','','','Flora ','0982782383','Carolina chica 0980068165','0980068165','2019-04-07','Tienda la guadalupe',7,20.00,0.00,-0.271446,-79.436135,'2019-03-28 21:39:11','2019-04-06 16:06:11',2,0,4,12,2,232),
	(142,'620 ',132,252,'2019-03-28','Erica quiñones ','0989291364',NULL,NULL,'Calle virgen  de Monserrate ','La Restrepo ',NULL,NULL,'José garcia ','0989291364','Pablo','0969272028','2019-04-15',NULL,7,20.00,0.00,-0.272771,-79.436165,'2019-03-28 21:43:35','2019-03-28 21:43:35',142,0,4,12,2,32),
	(152,'621',132,252,'2019-03-28','Pablo villa prado ','0969272028',NULL,NULL,'La Restrepo ','La Restrepo ',NULL,NULL,'Klevir ','0994501163','Estefani ','0939921469','2019-04-11','Casa blanca con rejas azules ',7,20.00,0.00,-0.273319,-79.435801,'2019-03-28 21:48:49','2019-03-28 21:48:49',162,0,4,12,2,32),
	(162,'622',132,252,'2019-03-28','José modesto avilés ','0',NULL,NULL,'La Restrepo ','La Restrepo ',NULL,NULL,'Estefani avilés ','0939921469','Hh','098','2019-04-08','Casa esquina Guaduas de rejas enseguida de la casa de puerta verde grande ',7,20.00,0.00,-0.273335,-79.435725,'2019-03-28 21:51:46','2019-03-28 21:51:46',172,0,4,12,2,32),
	(172,'623',132,252,'2019-03-28','José napa','0969606796',NULL,NULL,'Central restrepo','Restrepi',NULL,NULL,'Araceli napa','0993676338','Flor','0982617232','2019-04-05','Por la distribuidora gypsun yesos casa ladrillo gris quinta casa ',7,20.00,0.00,-0.269180,-79.436946,'2019-03-28 21:59:16','2019-03-28 21:59:16',182,0,4,12,2,32),
	(182,'624',132,252,'2019-03-28','Clara luca ','0959978137',NULL,NULL,'La restrepo','La restrepo',NULL,NULL,'Ramona','2480346','Francisco ','0982839445','2019-04-20','Casa verde al final de la calle rejas negras ',7,20.00,0.00,-0.268467,-79.437196,'2019-03-28 22:09:11','2019-03-28 22:09:11',142,0,4,12,2,32),
	(192,'625',132,252,'2019-03-28','María burgos ','0990551952',NULL,NULL,'La Restrepo ','La restrepo',NULL,NULL,'Liliana burgos ','0993588557','Patricia ','0959291912','2019-04-10','Reja malla enseguida casa verde ',7,20.00,0.00,-0.268522,-79.437136,'2019-03-28 22:13:16','2019-03-28 22:13:16',152,0,4,12,2,32),
	(202,'626 ',132,252,'2019-03-28','Ramona dolores saltos ','2480346',NULL,NULL,'Avenida Chone ','La Restrepo ',NULL,NULL,'Patricia ','0959291912','María helena ','2581347','2019-04-06','Tienda verde por la principal chone ',7,20.00,0.00,-0.268755,-79.435848,'2019-03-28 22:16:53','2019-03-28 22:16:53',152,0,4,12,2,32),
	(212,'627 ',132,252,'2019-03-28','María helena loro','0996650581',NULL,NULL,'Avenida Chone ','La restrepo',NULL,NULL,'María ','2581347','Flor lor ','0982617232','2019-04-15','Tapicería ',2,50.00,0.00,-0.268631,-79.435845,'2019-03-28 22:20:51','2019-03-28 22:20:51',142,0,4,12,2,32),
	(222,'628 ',132,252,'2019-03-28','María Janet bitel',',08',NULL,NULL,'La chiquilpe ','La Restrepo ',NULL,NULL,'Carmen lor','785','Fkfjf','855','2019-04-15','Casa de ladrillo con ventana verdes ',7,20.00,0.00,-0.268498,-79.435709,'2019-03-28 22:26:41','2019-03-28 22:26:41',162,0,4,12,2,32),
	(232,'629',132,252,'2019-03-28','Arminda bravo','0997400712',NULL,NULL,'Avenida Chone','La restrepo',NULL,NULL,'Flor ','0982617232','Graciela lor ','0994944393','2019-04-08','Por la tienda amarilla casa amarilla con reja de Guaduas ',7,20.00,0.00,-0.268236,-79.435511,'2019-03-28 22:33:43','2019-03-28 22:33:43',172,0,4,12,2,32),
	(242,'630',202,72,'2019-03-28','Flor Olga pincai','0967014825',NULL,NULL,'Avenida Chone ','Bella vista ',NULL,NULL,'Bdbfbbfb','8888','Vdbdh','58845','2019-04-13','Las delicias no santo domingo Puesto de dulces enfrente de lavadora emanuel ',14,10.00,0.00,-0.261468,-79.409217,'2019-03-28 22:50:35','2019-03-28 22:50:35',122,0,3,12,2,32),
	(252,'631',202,72,'2019-03-28','Marla echavarria ','0985032663',NULL,NULL,'Diagonal a la guardería ','Bella vista ',NULL,NULL,'Marta parraga ','0967781553','Bnbb','8655','2019-04-13',NULL,7,20.00,0.00,-0.261899,-79.409013,'2019-03-28 22:57:15','2019-03-28 22:57:15',92,0,4,12,2,32),
	(262,'631',202,72,'2019-03-28','Marla echavarria ','0985032663',NULL,NULL,'Diagonal a la guardería ','Bella vista ',NULL,NULL,'Marta parraga ','0967781553','Bnbb','8655','2019-04-13',NULL,7,20.00,0.00,-0.262610,-79.408348,'2019-03-28 22:57:27','2019-03-28 22:57:27',92,0,4,12,2,32),
	(272,'632',202,72,'2019-03-28','Marta parraga ','0967781553',NULL,NULL,'Diagonal a la guardería ','Bella vista ',NULL,NULL,'Marla echavarria ','0985032663','Fnfnn','8658','2019-04-13',NULL,7,20.00,0.00,-0.262087,-79.408867,'2019-03-28 22:59:46','2019-03-28 22:59:46',92,0,4,12,2,32),
	(282,'633',202,72,'2019-03-28','Javier echavarria ','0967781553',NULL,NULL,'Diagonal a la guardería ','Bella vista ',NULL,NULL,'Marta ','0967781553','Jjbnj','88','2019-04-13','Las delicias casa amarilla de rejas de malla alta ',7,20.00,0.00,-0.262188,-79.408773,'2019-03-28 23:03:33','2019-03-28 23:03:33',112,0,4,12,2,32),
	(292,'634',132,252,'2019-03-28','María luisa pasmiño','0988250717',NULL,NULL,'Calle rondón Aguilera ','Nuevo horizonte ',NULL,NULL,'Vladimir ','0979685080','Bbb','8888','2019-04-13',NULL,7,20.00,0.00,-0.258929,-79.405205,'2019-03-28 23:12:56','2019-03-28 23:12:56',92,0,4,12,2,32),
	(302,'635',132,252,'2019-03-28','Dioselina acostá ','0980103666',NULL,NULL,'Calle Vicente rocafuerte','Los almendros',NULL,NULL,'Flor Miranda ','0997504260','Djdjdb','8857','2019-04-13','Casa rejas negras puerta café las delicias ',7,20.00,0.00,-0.260030,-79.407377,'2019-03-28 23:18:43','2019-03-28 23:18:43',102,0,4,12,2,32),
	(312,'636',132,952,'2019-03-28','Deni Valencia ','0993594270',NULL,NULL,'Vicente roca fuerte ','Barrio el progreso ',NULL,NULL,'Cristian Valencia ','0990521259','Hbb','888','2019-04-13','Casa encerrada en Guaduas esquina al lado de un caño ',7,20.00,0.00,-0.259962,-79.407931,'2019-03-28 23:22:52','2019-03-28 23:22:52',102,0,4,12,2,32),
	(322,'639',132,252,'2019-03-28','Julio montes ','0979949206',NULL,NULL,'Avenida Chone casa azul ','Centro',NULL,NULL,'María bravo ','0979949206','Nnbjj','8888','2019-04-15',NULL,14,10.00,0.00,-0.260775,-79.404718,'2019-03-28 23:30:16','2019-03-28 23:30:16',112,0,3,12,2,32),
	(332,'637',132,252,'2019-03-28','Nelly macias ','0990535667',NULL,NULL,'Calle Vicente roca fuerte ','Nuevos horizontes ',NULL,NULL,'Roque Zamora ','0999414586','Fanny ','0981723935','2019-04-13','Las delicias casa color verde esquina ',7,20.00,0.00,-0.260553,-79.404543,'2019-03-28 23:34:12','2019-03-28 23:34:12',92,0,4,12,2,32),
	(342,'638',132,252,'2019-03-28','Fanny Vergara ','0981723935',NULL,NULL,'Calle José flores ','Nuevos horizontes ',NULL,NULL,'Angel Vergara ','0994003025','Nelly ','0990535667','2019-04-13','Las delicias casa de madera',7,20.00,0.00,-0.259393,-79.403873,'2019-03-28 23:36:26','2019-03-28 23:36:26',92,0,4,12,2,32),
	(352,'640',132,252,'2019-03-28','Lorena  veliz','0982940586',NULL,NULL,'Avenida Chone ','Principal',NULL,NULL,'Andrea cedeño','0934273239','Jnnn','8888','2019-04-20','Las delicias antes de lubricantes emanuel restaurante asa verde los elechos ',7,20.00,0.00,-0.261661,-79.409032,'2019-03-28 23:46:18','2019-03-28 23:46:18',112,0,4,12,2,32),
	(362,'641 ',202,482,'2019-03-28','Angelica guerrero ','0982812294',NULL,NULL,'Avenida Chone ','Avenida principal ',NULL,NULL,'Daniel velazco','0981278517','Jvkkj','5955','2019-04-01','Restaurante pica flor frente agripaq ',1,80.00,0.00,-0.244509,-79.350060,'2019-03-28 23:59:57','2019-03-28 23:59:57',192,0,4,12,2,32),
	(372,'642',202,72,'2019-03-28','Mayerli arias ','0008',NULL,NULL,'Avenida Chone ','Diagonal a carnes el puma ',NULL,NULL,'Jbjh','8788','Knkk','6888','2019-04-15','Casa de dos pisos color curia primer piso nuevo Israel ',7,20.00,0.00,-0.244550,-79.349914,'2019-03-29 00:06:00','2019-03-29 00:06:00',192,0,4,12,2,32),
	(382,'665',132,252,'2019-03-29','Rosa marcia Vergara ','0988379420',NULL,NULL,'Calle fe y alegría ','La Restrepo ',NULL,NULL,'Límber Vargas ','0959643919','Fjjfj','8888','2019-04-15','Detrás de la escuela casa obra gris ventanas blancas puerta verde u  piso a lado del porto  verde grande ',7,20.00,0.00,-0.273065,-79.436027,'2019-03-29 19:08:25','2019-03-29 19:08:25',152,0,4,12,2,32),
	(392,'666',132,252,'2019-03-29','María ramo Zambrano ','0997135952','','','Calle fe y alegría atrás ','La Restrepo ','','','María López ','0997135952','Bbhj','7885','2019-04-15','Casa obra gris volteando por el puente a la izquierda puerta y ventanas de madera ',7,20.00,0.00,-0.272928,-79.435868,'2019-03-29 19:13:30','2019-04-05 15:57:09',152,0,4,12,2,232),
	(402,'667 ',132,252,'2019-03-29','Rosa Rodríguez ','0982866434',NULL,NULL,'Calle 24 de mayo','La restrepo',NULL,NULL,'Angel Rodríguez ','0967056407','Vbkhv','87068','2019-04-16','Casa amarilla alta más abajo de la tierra da el flaco ',7,20.00,0.00,-0.273845,-79.436423,'2019-03-29 19:22:56','2019-03-29 19:22:56',112,0,4,12,2,32),
	(412,'668',132,252,'2019-03-29','Hugo Álvarez ','0998816759',NULL,NULL,'Calle bella vista','La restrepo',NULL,NULL,'Darwin miranda','0959749078','Darwin','0969140279','2019-04-20','Casa con servo de Guaduas puerta madera frente tienda',7,20.00,0.00,-0.275579,-79.436660,'2019-03-29 19:41:53','2019-03-29 19:41:53',72,0,4,12,2,32),
	(422,'670',132,252,'2019-03-29','Edelina Zambrano ','0989572752',NULL,NULL,'Calle virgen  de Monserrate ','La restrepo',NULL,NULL,'Orley verá esposo ','0989572752','Hcbjb','09800','2019-04-12',NULL,7,20.00,0.00,-0.273300,-79.437785,'2019-03-29 19:57:51','2019-03-29 19:57:51',132,0,4,12,2,32),
	(432,'671',132,252,'2019-03-29','Johan Sebastián ','0968731370',NULL,NULL,'Callevirgen de Monserrate ','Virgen del Carmen ',NULL,NULL,'María mera','0993183470','Grris albar','0993098680','2019-04-15',NULL,7,20.00,0.00,-0.273092,-79.436236,'2019-03-29 20:03:17','2019-03-29 20:03:17',72,0,4,12,2,32),
	(442,'672',132,252,'2019-03-29','Vivían probaño','0990612167',NULL,NULL,'Calle fe y alegria','Virgen de Monserrate ',NULL,NULL,'Mercedes cedeño','052661815','Mercedes','052661815','2019-04-10',NULL,7,20.00,0.00,-0.272380,-79.435933,'2019-03-29 20:09:09','2019-03-29 20:09:09',142,0,4,12,2,32),
	(452,'673',132,252,'2019-03-29','Santa valdes','09697449751',NULL,NULL,'Calle 16 de julio','La restrepo',NULL,NULL,'María lopez','0991542940','Darwin lopez','0968102066','2019-04-15','Casa esquina cerca en palo',7,20.00,0.00,-0.272317,-79.435517,'2019-03-29 20:13:02','2019-03-29 20:13:02',142,0,4,12,2,32),
	(462,'674',132,252,'2019-03-29','Cesar cedeño ','0986802564',NULL,NULL,'Calle voluntad de dios','La restrepo',NULL,NULL,'Julio sambrano','0994697436','Yesica chica ','0980903795','2019-04-20','Casa en obra gris palo de calabozo ',7,20.00,0.00,-0.274244,-79.435586,'2019-03-29 20:19:04','2019-03-29 20:19:04',62,0,4,12,2,32),
	(472,'675',132,252,'2019-03-29','Y esencia guanga','0994382605',NULL,NULL,'Calle bella bista','Retrepo',NULL,NULL,'Manuel pinto','0979914125','Katie guanga','0994142949','2019-04-15',NULL,7,20.00,0.00,-0.276212,-79.437745,'2019-03-29 20:32:00','2019-03-29 20:32:00',52,0,4,12,2,32),
	(482,'676',132,252,'2019-03-29','Erica figeroa','0983909929',NULL,NULL,'Avenida Chone pradera pradera','Pradera',NULL,NULL,'Simón figeroa','05248295','Vivían Vélez ','0997836805','2019-04-12','Casa 2 rejas azules diagonal comercio agripaz enseguida casa costruccion',7,20.00,0.00,-0.271865,-79.444418,'2019-03-29 20:54:37','2019-03-29 20:54:37',132,0,4,12,2,32),
	(492,'301',132,252,'2019-03-11','Cesar guerra ','0992147244','','','Calle Portoviejo ','Santa maría ','','','Oscar guerra ','2662297','Clever ','0993827914','2019-03-30','',7,20.00,0.00,-0.277462,-79.464831,'2019-03-29 21:16:56','2019-04-06 16:32:57',152,0,4,12,12,232),
	(502,'308',132,252,'2019-03-11','Luis velazques ','0981460629','','','Calle Quito ','Santa maría ','','','Walter Coq','0991960794','Bbnb','94888','2019-04-08','Diagonal al taller de refrigeración  ',7,20.00,0.00,-0.278482,-79.464781,'2019-03-29 21:22:44','2019-04-05 22:22:49',112,0,4,12,2,232),
	(512,'653',202,2052,'2019-03-29','Aguerita Rodríguez ','0987814004',NULL,NULL,'Calle Pichincha ','24 de mayo ',NULL,NULL,'Laura giler','0983174301','Bbbv','9588','2019-04-15','Casa al fondo de porto azul ',7,20.00,0.00,-0.243806,-79.348813,'2019-03-29 22:58:44','2019-03-29 22:58:44',82,0,4,12,2,32),
	(522,'650',202,2052,'2019-03-29','Lourdes cedeño','0967958048',NULL,NULL,'Calle de la atacumba manzana 406 ','24 de mayo',NULL,NULL,'Manuel almenabar','0939217187','María Bermúdez','0984870320','2019-04-20','Casa color amarillo imagen divino  niño árbol de mango',7,20.00,0.00,-0.242742,-79.344952,'2019-03-29 23:03:39','2019-03-29 23:03:39',82,0,4,12,2,32),
	(532,'651',202,2052,'2019-03-29','Johana vite ','0988902877',NULL,NULL,'Calle la catunga ','24 de mayo ',NULL,NULL,'Carmen esperanza ','0983070319','Bbjb','8887','2019-04-10','Casa amarilla del divino niño ',7,20.00,0.00,-0.243853,-79.348749,'2019-03-29 23:06:38','2019-03-29 23:06:38',82,0,4,12,2,32),
	(542,'652',202,2052,'2019-03-29','Juan moreno','0983639218',NULL,NULL,'Calle Pichincha con calle Juan Acev','Virgen del cisne',NULL,NULL,'Juan Moreno Guzmán','0983192530','Carmen esperanza ','0983070319','2019-04-25','Casa color amarillo dos plantas al fondo ',7,20.00,0.00,-0.242906,-79.344988,'2019-03-29 23:08:02','2019-03-29 23:08:02',82,0,4,12,2,32),
	(552,'652',202,2052,'2019-03-29','Juan Moreno','0983639218',NULL,NULL,'Calle Pichincha con calle Juan Acev','Virgen del cisne',NULL,NULL,'Juan Moreno Guzmán','0983159025','María Moreno ','09823759870','2019-04-25','Casa amarilla dos plantas al fondo ',72,20.00,0.00,-0.243293,-79.344159,'2019-03-29 23:19:48','2019-03-29 23:19:48',82,0,4,12,2,32),
	(562,'652',202,2052,'2019-03-29','Juan Moreno','0983639218',NULL,NULL,'Calle Pichincha con calle Juan Acev','Virgen del cisne',NULL,NULL,'Juan Moreno Guzmán','0983159025','María Moreno ','09823759870','2019-04-25','Casa amarilla dos plantas al fondo ',72,20.00,0.00,-0.243293,-79.344159,'2019-03-29 23:19:48','2019-03-29 23:19:48',82,0,4,12,2,32),
	(572,'652',202,2052,'2019-03-29','Juan Moreno','0983639218',NULL,NULL,'Calle Pichincha con calle Juan Acev','Virgen del cisne',NULL,NULL,'Juan Moreno Guzmán','0983159025','María Moreno ','09823759870','2019-04-25','Casa amarilla dos plantas al fondo ',72,20.00,0.00,-0.243293,-79.344159,'2019-03-29 23:19:48','2019-03-29 23:19:48',82,0,4,12,2,32),
	(582,'652',202,2052,'2019-03-29','Juan Moreno','0983639218',NULL,NULL,'Calle Pichincha con calle Juan Acev','Virgen del cisne',NULL,NULL,'Juan Moreno Guzmán','0983159025','María Moreno ','09823759870','2019-04-25','Casa amarilla dos plantas al fondo ',72,20.00,0.00,-0.243293,-79.344159,'2019-03-29 23:19:49','2019-03-29 23:19:49',82,0,4,12,2,32),
	(602,'654',202,2052,'2019-03-29','Beatriz saldarriaga ','0959718495','','','Vía principal al carmen ','Vía principal ','','','Delia verá ','2217495','Lourdes saldarriaga ','0990600758','2019-04-05','Casa color blanca',7,20.00,0.00,-0.244594,-79.344130,'2019-03-29 23:25:29','2019-04-06 16:32:15',92,0,4,12,12,232),
	(612,'656',202,2052,'2019-03-29','Luis rodriguez','0979500556','','','Entrada por el comercio karen ','La dolores ','','','Yeferson ','0994698132','Antonio alcibar ','0982898954','2019-04-05','Taller de la tontería ',7,20.00,0.00,-0.245594,-79.342286,'2019-03-29 23:32:25','2019-04-06 16:25:45',92,0,4,12,2,232),
	(622,'655',202,2052,'2019-03-29','Yoconda cepeda','0986731292',NULL,NULL,'Vía principal al Carmen','La dolorosa',NULL,NULL,'Víctor vargas','2174044','Leticia rodriguez','2174039','2019-04-10',NULL,72,20.00,0.00,-0.244052,-79.342644,'2019-03-29 23:35:04','2019-03-29 23:35:04',92,0,4,12,2,32),
	(632,'655',202,2052,'2019-03-29','Yoconda cepeda','0986731292',NULL,NULL,'Vía principal al Carmen','La dolorosa',NULL,NULL,'Víctor vargas','2174044','Leticia rodriguez','2174039','2019-04-10',NULL,72,20.00,0.00,-0.244052,-79.342644,'2019-03-29 23:35:05','2019-03-29 23:35:05',92,0,4,12,2,32),
	(642,'267',132,252,'2019-03-09','Yackeline solorzano ','0997735485',NULL,NULL,'Al final del callejón ','La Jesús ',NULL,NULL,'Lorenzo ','0997735485','Hbbv','7,85','2019-04-15',NULL,7,20.00,0.00,-0.271913,-79.459517,'2019-03-30 16:41:26','2019-03-30 16:41:26',182,0,4,12,2,32),
	(652,'223',132,252,'2019-03-09','Luis Zambrano ','0997797072',NULL,NULL,'Callejón ','Lotizacion zalazar ',NULL,NULL,'Marcial güerra ','0939749214','Hjh','888','2019-04-15','8 casa obra gris ',7,20.00,40.00,-0.271672,-79.459523,'2019-03-30 16:52:48','2019-03-30 16:55:17',172,0,4,12,2,32),
	(672,'663',132,2042,'2019-03-30','Silvio rodriguez','0993302420','','','Calle principal vía al Carmen ','Las delicias','','','Francys Rodríguez','0991350278','Patricia Mejía','0993802450','2019-03-30','Comercial Rodríguez antes del semáforo puente peatonal. Casa color azul tienda ',5,20.00,0.00,-0.261157,-79.405338,'2019-03-30 20:10:39','2019-04-06 16:03:30',112,0,4,12,2,232),
	(682,'664',132,2042,'2019-03-30','Alex rodriguez','0979949403',NULL,NULL,'Calle el colegio ','La esperanza ',NULL,NULL,'Martha mora','0988170979','Librado lopez','0979705172','2019-04-15','Panadería el compitA',1,80.00,0.00,-0.261851,-79.405893,'2019-03-30 20:14:34','2019-03-30 20:14:34',102,0,3,12,2,32),
	(692,'677',132,2042,'2019-03-30','Marisol bazurto','0994374756',NULL,NULL,'Calle el colegio ','La esperanza',NULL,NULL,'Martha mora','0988170979','Carlos rodriguez','0979949403','2019-04-10','Panadería el.compita casa 404',7,20.00,0.00,-0.261576,-79.405806,'2019-03-30 20:18:00','2019-03-30 20:18:00',92,0,4,12,2,32),
	(712,'678',132,2042,'2019-03-30','Ana Sambrano','0967190296',NULL,NULL,' Calle Jorge Chávez con Vicente ','La familia',NULL,NULL,'Patricia Salazar','0985849025',',Alfonso zambrano','0967593625','2019-04-10','DiagonAl  a ma guardería ',7,20.00,0.00,-0.262934,-79.407278,'2019-03-30 20:44:39','2019-03-30 20:44:39',92,0,4,12,2,32),
	(722,'369 ',132,252,'2019-03-16','Sonia Zambrano ','0968501754',NULL,NULL,'Avenida Chone ','Comedero de los policías ',NULL,NULL,'Dayana zambrano','0997589773','Gjfd','8879','2019-03-30','Donde comen los policías a la  uelta del comando casa color curuba ',7,20.00,0.00,-0.278187,-79.455515,'2019-03-31 17:14:01','2019-03-31 17:14:01',92,0,4,12,2,32),
	(742,'435',132,252,'2019-03-18','María Muñoz ','0981727175',NULL,NULL,'La Florida ','La Florida ',NULL,NULL,'Dffh','8687','Jvvjj','5888','2019-04-15','Casa verde rejas negras con maya afuera medio muro verde ',14,10.00,0.00,-0.263014,-79.477123,'2019-03-31 17:14:02','2019-03-31 17:14:02',42,0,3,12,2,32),
	(752,'433',132,252,'2019-03-19','María paquita ','0993396488','','','La Florida ','La Florida ','','','Hjvgh','55755','Ihff','57862','2019-04-01','Casa con árbol de mango en ladrillo',7,20.00,0.00,-0.262872,-79.477351,'2019-03-31 17:14:02','2019-04-06 16:00:30',42,0,4,12,2,232),
	(772,'488',202,72,'2019-03-20','Amada Mónica ','0969717409',NULL,NULL,'Calle es mundo andrade ','Proletariado ',NULL,NULL,'Johana vailor ','0995177566','Jvvh','6478','2019-04-01','Casa obra gris puerta café diagonal a la cancha ',7,20.00,0.00,-0.277388,-79.211466,'2019-03-31 17:17:06','2019-03-31 17:17:06',92,0,4,12,12,32),
	(782,'414',202,72,'2019-03-18','Beiba yaqueline ','0982366121',NULL,NULL,'Calle 28 de agosto','Proletariado',NULL,NULL,'Elider Mendoza ','0968120465','Jcbj','5788','2019-04-01','Frente al polideportivo casa con escudo del Barcelona ',7,20.00,0.00,-0.272631,-79.215479,'2019-03-31 17:34:57','2019-03-31 17:34:57',92,0,4,12,12,32),
	(792,'211',202,72,'2019-03-06','María valdivieso','0980136198','Carlos','0967548191','Kasama con anturios','Kasama',NULL,NULL,'Maryuri','0980627837','Maryuri ','0980627837','2019-04-10',NULL,14,10.00,0.00,-0.249419,-79.143614,'2019-04-01 14:23:01','2019-04-01 14:23:01',112,0,3,12,12,32),
	(802,'211',202,72,'2019-03-06','María valdivieso','0980136198','Carlos','0967548191','Kasama con anturios','Kasama',NULL,NULL,'Maryuri','0980627837','Maryuri ','0980627837','2019-04-10',NULL,14,10.00,0.00,-0.249419,-79.143614,'2019-04-01 14:23:01','2019-04-01 14:23:01',112,0,3,12,12,32),
	(812,'211',202,72,'2019-03-06','María valdivieso','0980136198','Carlos','0967548191','Kasama con anturios','Kasama',NULL,NULL,'Maryuri','0980627837','Maryuri ','0980627837','2019-04-10',NULL,14,10.00,0.00,-0.249419,-79.143614,'2019-04-01 14:23:03','2019-04-01 14:23:03',112,0,3,12,12,32),
	(822,'211',202,72,'2019-03-06','María valdivieso','0980136198','Carlos','0967548191','Kasama con anturios','Kasama',NULL,NULL,'Maryuri','0980627837','Maryuri ','0980627837','2019-04-10',NULL,14,10.00,0.00,-0.249419,-79.143614,'2019-04-01 14:23:18','2019-04-01 14:23:18',112,0,3,12,12,32),
	(832,'678',132,2042,'2019-03-30','Ana Sambrano','0967190296',NULL,NULL,' Calle Jorge Chávez con Vicente ','La familia',NULL,NULL,'Patricia Salazar','0985849025',',Alfonso zambrano','0967593625','2019-04-10','DiagonAl  a ma guardería ',7,20.00,0.00,-0.262934,-79.407278,'2019-04-01 16:52:48','2019-04-01 16:52:48',92,0,4,12,2,32),
	(842,'687',202,72,'2019-04-01','Medranda Angulo','0988307057',NULL,NULL,'Manzana 35 casa 1','Urbanización Ciudad verde ',NULL,NULL,'Evelyn Rodríguez','0967601374','ediltrudis de medrano','0991578296','2019-04-15','Casa esquina color verde',7,20.00,0.00,-0.291465,-79.182390,'2019-04-01 16:59:15','2019-04-01 16:59:15',92,0,4,12,12,32),
	(852,'689',202,72,'2019-04-01','Maritza ibarra ','3720854',NULL,NULL,'Calle reserva colonso chalupa','Cuidad verde casa 26 mz 42',NULL,NULL,'Yesica cruz','3720854','Yesica cruz','3720854','2019-04-08','Calle sin salida frente llantas pa saltar ',7,20.00,0.00,-0.290363,-79.182405,'2019-04-01 17:04:59','2019-04-01 17:04:59',172,0,4,12,12,32),
	(862,'688',202,72,'2019-04-01','Patricia dolores zambrano','0959834205',NULL,NULL,'Manzana 37 casa 8','Urbanización Ciudad verde',NULL,NULL,'Isabel Cortés','0997696631','Liliana zambrano','0967321299','2019-04-06','Calle las garzas con calle los Mirlos casa color curuba',7,20.00,0.00,-0.292773,-79.182429,'2019-04-01 17:06:13','2019-04-01 17:06:13',92,0,4,12,12,32),
	(872,'690',202,72,'2019-04-01','Alicia alvarez ','0992165184',NULL,NULL,'Mz 81 casa 29 ','Ciudad verde ',NULL,NULL,'Leonel falques ','0968728504','Leonel falques ','0968728504','2019-04-20','Diagonal al restaurante tipicazo, tienda ',7,20.00,0.00,-0.288484,-79.181258,'2019-04-01 17:28:50','2019-04-01 17:28:50',152,0,4,12,12,32),
	(882,'690',202,72,'2019-04-01','Alicia alvarez ','0992165184',NULL,NULL,'Mz 81 casa 29 ','Ciudad verde ',NULL,NULL,'Leonel falques ','0968728504','Leonel falques ','0968728504','2019-04-20','Diagonal al restaurante tipicazo, tienda ',7,20.00,0.00,-0.288484,-79.181258,'2019-04-01 17:28:50','2019-04-01 17:28:50',152,0,4,12,12,32),
	(892,'690',202,72,'2019-04-01','Alicia alvarez ','0992165184',NULL,NULL,'Mz 81 casa 29 ','Ciudad verde ',NULL,NULL,'Leonel falques ','0968728504','Leonel falques ','0968728504','2019-04-20','Diagonal al restaurante tipicazo, tienda ',7,20.00,0.00,-0.288484,-79.181258,'2019-04-01 17:28:51','2019-04-01 17:28:51',152,0,4,12,12,32),
	(902,'690',202,72,'2019-04-01','Alicia alvarez ','0992165184',NULL,NULL,'Mz 81 casa 29 ','Ciudad verde ',NULL,NULL,'Leonel falques ','0968728504','Leonel falques ','0968728504','2019-04-20','Diagonal al restaurante tipicazo, tienda ',7,20.00,0.00,-0.288484,-79.181258,'2019-04-01 17:28:51','2019-04-01 17:28:51',152,0,4,12,12,32),
	(912,'690',202,72,'2019-04-01','Alicia alvarez ','0992165184',NULL,NULL,'Mz 81 casa 29 ','Ciudad verde ',NULL,NULL,'Leonel falques ','0968728504','Leonel falques ','0968728504','2019-04-20','Diagonal al restaurante tipicazo, tienda ',7,20.00,0.00,-0.288484,-79.181258,'2019-04-01 17:28:51','2019-04-01 17:28:51',152,0,4,12,12,32),
	(922,'690',202,72,'2019-04-01','Menuda navarreto','0992969118',NULL,NULL,'Manzana 53-casa 15 ','Urbanización CiudAd verde',NULL,'Ciudad verde','Carmen moreno','0985184004','Antonio navarreto','0993205058','2019-04-12','Casa en obras gris con azul girando a l izquierda segunda casa',7,20.00,0.00,-0.289657,-79.183809,'2019-04-01 18:43:55','2019-04-01 18:43:55',82,0,4,12,12,32),
	(932,'690',202,72,'2019-04-01','Menuda navarreto','0992969118',NULL,NULL,'Manzana 53-casa 15 ','Urbanización CiudAd verde',NULL,'Ciudad verde','Carmen moreno','0985184004','Antonio navarreto','0993205058','2019-04-12','Casa en obras gris con azul girando a l izquierda segunda casa',7,20.00,0.00,-0.289657,-79.183809,'2019-04-01 18:43:56','2019-04-01 18:43:56',82,0,4,12,12,32),
	(942,'691',202,72,'2019-04-01','Raúl rosado','0995604505',NULL,NULL,'Manzana 59 casa 28 ','Urbanización Ciudad verde',NULL,NULL,'Esperanza Ordóñez','0981048395','Mayra rosado ','0993620626','2019-04-15','Parque sinai casa color verde ',7,20.00,0.00,-0.288444,-79.185222,'2019-04-01 19:50:23','2019-04-01 19:50:23',92,0,4,12,12,32),
	(952,'692',202,72,'2019-04-01','Nelly Valdés','3721246',NULL,NULL,'anzana 81 casa 17 calle p. Nacional','Urbanización Ciudad verde',NULL,NULL,'Katia López ','0979098582','Gustavo López ','0979098582','2019-04-15','Casa color  curuba Diagonal esquina venta de comidas',7,20.00,0.00,-0.287663,-79.181072,'2019-04-01 21:53:51','2019-04-01 21:53:51',142,0,4,12,12,32),
	(962,'692',202,72,'2019-04-01','Sonia Trellez Guzmán','0982701730',NULL,NULL,'Manzana 42 casa calle manglares','Urbanización Ciudad verde',NULL,NULL,'Jonny Guerrero ','0991581338','Mery agreda','0997766237','2019-04-15','Calle reserva de manglares del salado con calle reserva del galeón casa color.blanco con galpón de pollos',14,10.00,0.00,-0.291033,-79.182543,'2019-04-01 22:16:08','2019-04-01 22:16:08',52,0,3,12,12,32),
	(972,'693',202,72,'2019-04-01','Nancy cuadros','0988299783',NULL,NULL,'Manzana 42 casa 05 ','Urbanización Ciudad verde',NULL,NULL,'Hipólito cuadros ','3708565','Verónica cuadros','0980315179','2019-04-15','Calle reserva galeras San Francisco con calle parque Nacional ayusiri casa color verde ',14,10.00,0.00,-0.290654,-79.182157,'2019-04-01 22:22:48','2019-04-01 22:22:48',132,0,3,12,12,32),
	(982,'698',202,72,'2019-04-01','Honorio medranda ','0997713883',NULL,NULL,'Mz 86 csa 26 ','Ciudad verde ',NULL,NULL,'Edith de medranda ','3720527','Edith de medranda ','3720527','2019-04-23','Casa d dos pisos balcón blanco portón azul, calle carpintero real ',7,20.00,0.00,-0.288202,-79.183469,'2019-04-01 22:25:34','2019-04-01 22:25:34',162,0,4,12,12,32),
	(992,'698',202,72,'2019-04-01','Honorio medranda ','0997713883',NULL,NULL,'Mz 86 csa 26 ','Ciudad verde ',NULL,NULL,'Edith de medranda ','3720527','Edith de medranda ','3720527','2019-04-23','Casa d dos pisos balcón blanco portón azul, calle carpintero real ',7,20.00,0.00,-0.288202,-79.183469,'2019-04-01 22:25:34','2019-04-01 22:25:34',162,0,4,12,12,32),
	(1002,'694',202,72,'2019-04-01','Rubén García','0991588069',NULL,NULL,'Manzana 40 casa 20','Urbanización Ciudad verde',NULL,NULL,'Esther zambrano','0994732861','Esther zambrano','09947328617','2019-04-15','Calle los espigueros con calle reserva cuyaberos casa color verde con amarillo',7,20.00,0.00,-0.291754,-79.184074,'2019-04-01 22:28:41','2019-04-01 22:28:41',42,0,4,12,12,32),
	(1012,'699',202,72,'2019-04-01','Cintya Zambrano','0989725733',NULL,NULL,'Mz 85 lote 3 ','Ciudad verde ',NULL,NULL,'Julia velez ','3701501','Julia velez ','3701501','2019-05-01','Calle carpintero real , casa rosa con portón de madera encerrada en bloque ',6,20.00,0.00,-0.287995,-79.183588,'2019-04-01 22:30:21','2019-04-01 22:30:21',162,0,4,12,12,32),
	(1022,'699',202,72,'2019-04-01','Cintya Zambrano','0989725733',NULL,NULL,'Mz 85 lote 3 ','Ciudad verde ',NULL,NULL,'Julia velez ','3701501','Julia velez ','3701501','2019-05-01','Calle carpintero real , casa rosa con portón de madera encerrada en bloque ',6,20.00,0.00,-0.287995,-79.183588,'2019-04-01 22:30:21','2019-04-01 22:30:21',162,0,4,12,12,32),
	(1032,'695',202,72,'2019-04-01','Josefa García','0939890031',NULL,NULL,'Manzana 40 casa 1','Urbanización Ciudad verde',NULL,NULL,'José peñaranda','0991634356','José Peñaranda','0991634356','2019-04-01','Calle manglares del salado con calle cuyabeno casa esquina color crema con naranja',7,20.00,0.00,-0.291393,-79.183781,'2019-04-01 22:34:33','2019-04-01 22:34:33',42,0,4,12,12,32),
	(1042,'696',202,72,'2019-04-01','Cecilia Godoy','0982741624',NULL,NULL,'Manzana 46 casa 19','Urbanización Ciudad verde',NULL,NULL,'Verónica Cosme','0959731456','Verónica Cosme','0959731456','2019-04-20','Calle parque Nacional y asumo\nCasa color amarillo con curuba',7,20.00,0.00,-0.291843,-79.184340,'2019-04-01 22:41:28','2019-04-01 22:41:28',122,0,4,12,12,32),
	(1052,'697',202,72,'2019-04-01','Diana morales','0985500404',NULL,NULL,'Manzana 49 casa 9','Urbanización Ciudad verde',NULL,NULL,'Iván guamal','0989906904','Yoselin sosa','0993978179','2019-04-15','Calle carmoral casa color curuba',14,10.00,0.00,-0.290480,-79.184929,'2019-04-01 22:46:55','2019-04-01 22:46:55',42,0,3,12,12,32),
	(1062,'698',202,72,'2019-04-01','Yoselin Sosa','0993978179',NULL,NULL,'Manzana 49  casa 9','Urbanización Ciudad verde',NULL,NULL,'Diana morales','0985500404','Iván guamal','0989906904','2019-04-15','Calle cormoral casa color curuba',14,10.00,0.00,-0.291742,-79.185638,'2019-04-01 22:51:17','2019-04-01 22:51:17',42,0,3,12,12,32),
	(1072,'698',202,72,'2019-04-01','Yoselin Sosa','0993978179',NULL,NULL,'Manzana 49  casa 9','Urbanización Ciudad verde',NULL,NULL,'Diana morales','0985500404','Iván guamal','0989906904','2019-04-15','Calle cormoral casa color curuba',14,10.00,0.00,-0.291742,-79.185638,'2019-04-01 22:51:18','2019-04-01 22:51:18',42,0,3,12,12,32),
	(1082,'698',202,72,'2019-04-01','Yoselin Sosa','0993978179',NULL,NULL,'Manzana 49  casa 9','Urbanización Ciudad verde',NULL,NULL,'Diana morales','0985500404','Iván guamal','0989906904','2019-04-15','Calle cormoral casa color curuba',14,10.00,0.00,-0.291742,-79.185638,'2019-04-01 22:51:18','2019-04-01 22:51:18',42,0,3,12,12,32),
	(1092,'699',202,72,'2019-04-01','Edith Guzmán','0983674953',NULL,NULL,'Manzana 52 casa 30','Urbanización Ciudad verde',NULL,NULL,'Robinson Solórzano','0991920650','Robinson Solórzano','0991920650','2019-04-15','Calle los autillos casa de malla a dos casas de tienda big cola roja',7,20.00,0.00,-0.284593,-79.182893,'2019-04-01 23:02:03','2019-04-01 23:02:03',42,0,4,12,12,32),
	(1102,'699',202,72,'2019-04-01','Edith Guzmán','0983674953',NULL,NULL,'Manzana 52 casa 30','Urbanización Ciudad verde',NULL,NULL,'Robinson Solórzano','0991920650','Robinson Solórzano','0991920650','2019-04-01','Calle los autillos casa de malla a dos casas de tienda big cola roja',7,20.00,0.00,-0.284593,-79.182893,'2019-04-01 23:02:04','2019-04-01 23:02:04',42,0,4,12,12,32),
	(1112,'699',202,72,'2019-04-01','Edith Guzmán','0983674953',NULL,NULL,'Manzana 52 casa 30','Urbanización Ciudad verde',NULL,NULL,'Robinson Solórzano','0991920650','Robinson Solórzano','0991920650','2019-04-01','Calle los autillos casa de malla a dos casas de tienda big cola roja',7,20.00,0.00,-0.284593,-79.182893,'2019-04-01 23:02:04','2019-04-01 23:02:04',42,0,4,12,12,32),
	(1122,'700',202,72,'2019-04-01','Néstor zambrano','0968208759',NULL,NULL,'Manzana 50 casa 3','Urbanización Ciudad verde',NULL,NULL,'Fernando seguro','0989422852','Yimmi pino','0999605295','2019-05-01','Calle ciconios con calle antuyos casa color amarillo',14,10.00,0.00,-0.290195,-79.185058,'2019-04-01 23:08:23','2019-04-01 23:08:23',62,0,4,12,12,32),
	(1132,'701',202,72,'2019-04-01','Mario leones','0959801627',NULL,NULL,'Manzana 53 casa 1','Urbanización Ciudad verde',NULL,NULL,'Marisela leones','0959554934','Marleni','0969892912','2019-05-04','Calle reserva cotacachi cayapas casa color crema ',7,20.00,0.00,-0.289295,-79.184464,'2019-04-01 23:12:41','2019-04-01 23:12:41',132,0,4,12,12,32),
	(1142,'702',202,72,'2019-04-01','Shirley dueñas ','0968524196',NULL,NULL,'Manzana 53 casa 33 ','Urbanización Ciudad verde',NULL,NULL,'Alba Bonilla ','0980128654','Kenia dueñas','09799090671','2019-04-17','Calle las fardelas casa color curuba',14,10.00,0.00,-0.289618,-79.184781,'2019-04-01 23:18:12','2019-04-01 23:18:12',52,0,3,12,12,32),
	(1152,'703',202,72,'2019-04-01','Teresa minaya','0989333006',NULL,NULL,'Manzana 52 casa 16','Urbanización Ciudad verde',NULL,NULL,'Epifanía espinosa','0939665723','Manuel Espinosa','0985012505','2019-04-17','Calle las fardelas casa color.blanco enseguida de casa con dibujo de looney tunes',14,10.00,0.00,-0.289820,-79.184200,'2019-04-01 23:23:30','2019-04-01 23:23:30',52,0,3,12,12,32),
	(1162,'703',202,72,'2019-04-01','Teresa minaya','0989333006',NULL,NULL,'Manzana 52 casa 16','Urbanización Ciudad verde',NULL,NULL,'Epifanía espinosa','0939665723','Manuel Espinosa','0985012505','2019-04-17','Calle las fardelas casa color.blanco enseguida de casa con dibujo de looney tunes',14,10.00,0.00,-0.290107,-79.183939,'2019-04-01 23:25:18','2019-04-01 23:25:18',52,0,3,12,12,32),
	(1172,'702',202,72,'2019-04-01','Eli corozo montaño','0969941265',NULL,NULL,'Detras de lubricadora velasquez','Calle 28 de marzo casa amarilla ',NULL,NULL,'Alexandra paz ','3706364','Alexandra paz','3706364','2019-04-02','Casa amarilla dos pisos billares.porton blanco',7,20.00,0.00,-0.282393,-79.183012,'2019-04-01 23:50:51','2019-04-01 23:50:51',152,0,4,12,12,32),
	(1182,'702',202,72,'2019-04-01','Eli corozo montaño','0969941265',NULL,NULL,'Detras de lubricadora velasquez','Calle 28 de marzo casa amarilla ',NULL,NULL,'Alexandra paz ','3706364','Alexandra paz','3706364','2019-04-02','Casa amarilla dos pisos billares.porton blanco',7,20.00,0.00,-0.282393,-79.183012,'2019-04-01 23:50:51','2019-04-01 23:50:51',152,0,4,12,12,32),
	(1192,'702',202,72,'2019-04-01','Eli corozo montaño','0969941265',NULL,NULL,'Detras de lubricadora velasquez','Calle 28 de marzo casa amarilla ',NULL,NULL,'Alexandra paz ','3706364','Alexandra paz','3706364','2019-04-02','Casa amarilla dos pisos billares.porton blanco',7,20.00,0.00,-0.282318,-79.183075,'2019-04-01 23:50:54','2019-04-01 23:50:54',152,0,4,12,12,32),
	(1202,'211',202,72,'2019-03-06','María valdivieso','0980136198',NULL,NULL,'Kasama 101','Kasama',NULL,NULL,'Maryuri','0980627837','Carlos','0967548191','2019-04-10',NULL,14,10.00,0.00,-0.249536,-79.143190,'2019-04-02 12:38:03','2019-04-02 12:38:03',112,0,3,12,12,32),
	(1242,'213',202,72,'2019-03-21','Alfredo herrera','0990965563',NULL,NULL,'Kasama 202','Kasama',NULL,NULL,'Cecilia flores','0994342436','Cecilia','0094342436','2019-04-10',NULL,14,10.00,0.00,-0.249373,-79.143208,'2019-04-02 12:44:55','2019-04-02 12:44:55',42,0,3,12,12,32),
	(1252,'213',202,72,'2019-03-21','Alfredo herrera','0990965563',NULL,NULL,'Kasama 202','Kasama',NULL,NULL,'Cecilia flores','0994342436','Cecilia','0094342436','2019-04-10',NULL,14,10.00,0.00,-0.249373,-79.143208,'2019-04-02 12:44:57','2019-04-02 12:44:57',42,0,3,12,12,32),
	(1262,'214',202,72,'2019-03-21','Alfredo herrera','0994342436',NULL,NULL,'Kasama 202','Kasama',NULL,NULL,'Cecilia flores','0994342436','Ceci','0994342436','2019-04-10',NULL,14,10.00,0.00,-0.249401,-79.143173,'2019-04-02 12:48:26','2019-04-02 12:48:26',42,0,3,12,12,32),
	(1272,'390',202,72,'2019-03-15','Ruth gutierrez','0998899902',NULL,NULL,'Barrio 16 de mayo','Paraiso',NULL,NULL,'Jorge luis','0960315031','Luis0960415031','0960415031','2019-04-04',NULL,14,10.00,0.00,-0.253656,-79.124885,'2019-04-02 14:50:35','2019-04-02 14:50:35',112,0,3,12,12,32),
	(1282,'391',202,72,'2019-03-15','Alicia hidalgo','0969506199',NULL,NULL,'16 de mayi','Paraiso',NULL,NULL,'Vannesa','0991382215','Carol vanesa','0991382215','2019-04-03',NULL,14,10.00,0.00,-0.254197,-79.124336,'2019-04-02 14:57:53','2019-04-02 14:57:53',112,0,3,12,12,32),
	(1292,'391',202,72,'2019-03-15','Alicia hidalgo','0969506199',NULL,NULL,'16 de mayi','Paraiso',NULL,NULL,'Vannesa','0991382215','Carol vanesa','0991382215','2019-04-03',NULL,14,10.00,0.00,-0.254197,-79.124336,'2019-04-02 14:57:54','2019-04-02 14:57:54',112,0,3,12,12,32),
	(1302,'304',202,72,'2019-03-11','Jhonatan miranda ','0989076261',NULL,NULL,'Manzana 31 casa 12 ','Rosales 4 en etapa',NULL,NULL,'Leticia ','0997715121','Jack ','0997677204','2019-04-06','Casa blanca enseguida de casa de dos pisos rachada verde ',14,10.00,0.00,-0.243676,-79.185370,'2019-04-02 15:30:10','2019-04-02 15:30:10',52,0,3,12,12,32),
	(1312,'303',202,72,'2019-03-11','Anita alvarado ','0989604849',NULL,NULL,'Pasaje jose enrique guerrero','Rosales 4 etapa',NULL,NULL,'Carmen Prado','0990524052','Jackeline vera ','0968193234','2019-04-12','Casa porton verde rejas negras enla esquina ',7,20.00,0.00,-0.244031,-79.185248,'2019-04-02 15:34:17','2019-04-02 15:34:17',52,0,4,12,12,32),
	(1322,'582',202,72,'2019-03-26','Johana campoverde','0959968285','No','000','Calle anturios coperativa','Montes de oca','Casa 2 pisos','Montes d oca','Leonso campo','0983503092','Leonso ','0983503092','2019-04-15','Casa 5ta 2 pkantas porton vinotinto',14,10.00,0.00,-0.280990,-79.205023,'2019-04-02 15:41:37','2019-04-02 15:41:37',82,0,3,12,12,32),
	(1332,'582',202,72,'2019-03-26','Johana campoverde','0959968285','No','000','Calle anturios coperativa','Montes de oca','Casa 2 pisos','Montes d oca','Leonso campo','0983503092','Leonso ','0983503092','2019-04-15','Casa 5ta 2 pkantas porton vinotinto',14,10.00,0.00,-0.280990,-79.205023,'2019-04-02 15:41:37','2019-04-02 15:41:37',82,0,3,12,12,32),
	(1342,'582',202,72,'2019-03-26','Johana campoverde','0959968285','No','000','Calle anturios coperativa','Montes de oca','Casa 2 pisos','Montes d oca','Leonso campo','0983503092','Leonso ','0983503092','2019-04-15','Casa 5ta 2 pkantas porton vinotinto',14,10.00,0.00,-0.280990,-79.205023,'2019-04-02 15:41:37','2019-04-02 15:41:37',82,0,3,12,12,32),
	(1352,'582',202,72,'2019-03-26','Johana campoverde','0959968285','No','000','Calle anturios coperativa','Montes de oca','Casa 2 pisos','Montes d oca','Leonso campo','0983503092','Leonso ','0983503092','2019-04-15','Casa 5ta 2 pkantas porton vinotinto',14,10.00,0.00,-0.280990,-79.205023,'2019-04-02 15:41:37','2019-04-02 15:41:37',82,0,3,12,12,32),
	(1362,'582',202,72,'2019-03-26','Johana campoverde','0959968285','No','000','Calle anturios coperativa','Montes de oca','Casa 2 pisos','Montes d oca','Leonso campo','0983503092','Leonso ','0983503092','2019-04-15','Casa 5ta 2 pkantas porton vinotinto',14,10.00,0.00,-0.280990,-79.205023,'2019-04-02 15:41:37','2019-04-02 15:41:37',82,0,3,12,12,32),
	(1372,'582',202,72,'2019-03-26','Johana campoverde','0959968285','No','000','Calle anturios coperativa','Montes de oca','Casa 2 pisos','Montes d oca','Leonso campo','0983503092','Leonso ','0983503092','2019-04-15','Casa 5ta 2 pkantas porton vinotinto',14,10.00,0.00,-0.280990,-79.205023,'2019-04-02 15:41:37','2019-04-02 15:41:37',82,0,3,12,12,32),
	(1382,'582',202,72,'2019-03-26','Johana campoverde','0959968285','No','000','Calle anturios coperativa','Montes de oca','Casa 2 pisos','Montes d oca','Leonso campo','0983503092','Leonso ','0983503092','2019-04-15','Casa 5ta 2 pkantas porton vinotinto',14,10.00,0.00,-0.280990,-79.205023,'2019-04-02 15:41:38','2019-04-02 15:41:38',82,0,3,12,12,32),
	(1392,'166',202,72,'2019-03-02','Angela masache','0997664170',NULL,NULL,'B/ monica alejandra','Monica alejandra',NULL,NULL,'Carina mosache','0986056226','Lidia','0988166532','2019-04-02',NULL,7,20.00,0.00,-0.276847,-79.153651,'2019-04-02 15:42:05','2019-04-02 15:42:05',92,0,4,12,12,32),
	(1402,'160',202,72,'2019-03-02','Lidia masache','0988166532',NULL,NULL,'B/monica alejandra','Monica alejsndra',NULL,NULL,'María mosache','0999327252','Angela','0997664170','2019-04-03',NULL,7,20.00,0.00,-0.276825,-79.153687,'2019-04-02 15:45:34','2019-04-02 15:45:34',42,0,4,12,12,32),
	(1412,'371',132,252,'2019-03-16','Maryuris zambrano','0986724640',NULL,NULL,'Vía la pava frente al jordan','Virgen monserga enyrda',NULL,NULL,'Colón castilllo','0982559377','Hhh','66','2019-04-15','Casa 1 piso en repollo enseguida plantas de platano',7,20.00,0.00,-0.271871,-79.435022,'2019-04-02 15:47:05','2019-04-02 15:47:05',152,0,4,12,12,232),
	(1422,'572',202,72,'2019-03-26','Martha morales','3741558','No tiene','00000000','Coperativo alejandro ','Montes d oca','Pp00','000000','Leonso','0959968285','Carlos diaz','3150371','2019-04-26','Tienda frente cancha sintetica',7,20.00,0.00,-0.280837,-79.201655,'2019-04-02 15:50:16','2019-04-02 15:50:16',192,0,4,12,12,32),
	(1432,'572',202,72,'2019-03-26','Martha morales','3741558','No tiene','00000000','Coperativo alejandro ','Montes d oca','Pp00','000000','Leonso','0959968285','Carlos diaz','3150371','2019-04-26','Tienda frente cancha sintetica',7,20.00,0.00,-0.280837,-79.201655,'2019-04-02 15:50:17','2019-04-02 15:50:17',192,0,4,12,12,32),
	(1442,'134',202,72,'2019-03-01','Carmen vinosa','0993628481',NULL,NULL,'B/San Juan de Río verde','Río verde',NULL,NULL,'Santiago ','0986568256','Grauni','0993554862','2019-04-02',NULL,7,20.00,0.00,-0.274854,-79.163069,'2019-04-02 15:54:54','2019-04-02 15:54:54',62,0,4,12,12,32),
	(1452,'605',202,72,'2019-04-27','Maximo santana','0981447765','No ','000000','Callejon anturiosg','Nvo amaneser','00','0000','Jorge santana','0980634562','Sra santana','098147765','2019-04-27','Detras av anturios x callejon frenta tapiceria',7,20.00,0.00,-0.285813,-79.198078,'2019-04-02 16:05:34','2019-04-02 16:05:34',192,0,4,12,12,32),
	(1462,'605',202,72,'2019-04-27','Maximo santana','0981447765','No ','000000','Callejon anturiosg','Nvo amaneser','00','0000','Jorge santana','0980634562','Sra santana','098147765','2019-04-27','Detras av anturios x callejon frenta tapiceria',7,20.00,0.00,-0.285813,-79.198078,'2019-04-02 16:05:34','2019-04-02 16:05:34',192,0,4,12,12,32),
	(1472,'442',202,72,'2019-03-18','Tatiana muñoz ','0960278910',NULL,NULL,'Avenid heriberto maldonado','Heriberto maldonado',NULL,NULL,'Flor garcia ','0960278910','Flor garcia ','0990211239','2019-04-12','Casa  curuba rejas blancas ',7,20.00,0.00,-0.238876,-79.199378,'2019-04-02 16:08:51','2019-04-02 16:08:51',52,0,4,12,12,32),
	(1482,'161',202,72,'2019-03-02','Yo landa muñoz','023756329',NULL,NULL,'Calleprovi paztaza con calle pasaje','Municip',NULL,NULL,'Angel chica','0989442905','Angela','3756329','2019-04-02',NULL,7,20.00,0.00,-0.269668,-79.158225,'2019-04-02 16:13:51','2019-04-02 16:13:51',42,0,4,12,12,32),
	(1492,'604',202,72,'2019-03-27','Jorge santana','0980634562','Noooo','00000','Callejon detras av anturios','Nvo amaneser','Tapiceria','Nvo amaneser','Maximo santana','0981447765','Maximo','0981447765','2019-04-27','Detras av anturios x callejon tapiceria',7,20.00,0.00,-0.283562,-79.199050,'2019-04-02 16:16:30','2019-04-02 16:16:30',192,0,4,12,12,32),
	(1502,'603',202,72,'2019-03-27','Blanca zambrano','0969850571','No muestra','00000','Av anturios detras x callejon','Nvo amaneser','Xxxxx','Xxxxx','Carmen quiñones','0969850571','Luis vera','0959539533','2019-04-27','Detras av anturios x callejon casa verde con abano',7,20.00,0.00,-0.285293,-79.199178,'2019-04-02 16:26:50','2019-04-02 16:26:50',192,0,4,12,12,32),
	(1512,'313',132,252,'2019-03-12','Carlos lopez','0962935280',NULL,NULL,'Frente ala cancha casa esqujna','San Valentín ',NULL,NULL,'Josefa Márquez ','0990238820','Hhh','333','2019-04-20','Casa color verdeclaro',7,20.00,0.00,-0.270173,-79.445034,'2019-04-02 16:31:22','2019-04-02 16:31:22',172,0,4,12,12,232),
	(1522,'317',132,252,'2019-03-30','Rita gonchala','093924808',NULL,NULL,'Diagonal a la cancha','San Valentín ',NULL,NULL,'Jjj','333','Hh','222','2019-04-06','Casa Rosada dejas negras 1 piso',7,20.00,380.00,-0.270490,-79.445597,'2019-04-02 16:35:43','2019-04-05 12:29:09',42,0,4,12,12,232),
	(1532,'395',202,72,'2019-03-15','Adolfo contreras','0999782547',NULL,NULL,'Cooperativa las palmas','Ecuador ',NULL,NULL,'Ariel contreras ','0999782544','Vbnbv','8998','2019-05-06','Reja demaya muro obra gris frente al parque ',7,20.00,0.00,-0.253198,-79.186244,'2019-04-02 16:40:04','2019-04-02 16:40:04',142,0,4,12,12,32),
	(1542,'571',202,72,'2019-03-26','Luz vite','0997887949','0000','0000','Via quevedo detras escuela dario es','Sector union','000','0000','Blanca','0969850571','Pp00','00000','2019-04-03','Sector union civica detras esc.dario canilla',14,10.00,0.00,-0.282608,-79.202263,'2019-04-02 16:41:56','2019-04-02 16:41:56',192,0,3,12,12,32),
	(1552,'316',132,252,'2019-03-30','Rosa arteaga','0938523552','','','Diagonal capilla perpetuo socorro','San valentin','','','Johan Delgado ','0959049160','Hhh','333','2019-04-05','Casa Blanca puerta cafe',7,20.00,0.00,-0.270559,-79.445602,'2019-04-02 16:45:47','2019-04-05 12:32:37',42,0,4,12,12,232),
	(1562,'570',202,72,'2019-03-26','Janeth klinger','0968878666','No hay','000','Via quevedo cooperativa','Union civica','0000','00000','Luz vite','0997887949','Nada','00000','2019-04-26','Via quevedo coperativo union x viveres carrion casa color azul puerta de guadua',7,20.00,0.00,-0.283465,-79.203235,'2019-04-02 16:51:17','2019-04-02 16:51:17',192,0,4,12,12,32),
	(1572,'327',132,252,'2019-03-13','Gladis zambrano','0997086670',NULL,NULL,'Escuela carmen','Carnenza en lucha',NULL,NULL,'José alcides','0939951349','Hh5','222','2019-04-01','Casa Blanca y azul . Garage azul',7,20.00,0.00,-0.271528,-79.447663,'2019-04-02 16:56:41','2019-04-02 16:56:41',152,0,4,12,12,232),
	(1582,'327',132,252,'2019-03-13','Gladis zambrano','0997086670',NULL,NULL,'Escuela carmen','Carnenza en lucha',NULL,NULL,'José alcides','0939951349','Hh5','222','2019-04-01','Casa Blanca y azul . Garage azul',7,20.00,0.00,-0.271528,-79.447663,'2019-04-02 16:56:41','2019-04-02 16:56:41',152,0,4,12,12,232),
	(1592,'573',202,72,'2019-03-26','Yoelis santander','0961748766','0000','0000','Av union civica av 4 y medio','Union civica','000','000','Janet ','0968878666','0000','000006','2019-04-26','Av union covoca sector 4 y medio esquona panaderia nutripan esquina',7,20.00,0.00,-0.282668,-79.204088,'2019-04-02 16:59:44','2019-04-02 16:59:44',192,0,4,12,12,32),
	(1602,'573',202,72,'2019-03-26','Yoelis santander','0961748766','0000','0000','Av union civica av 4 y medio','Union civica','000','000','Janet ','0968878666','0000','000006','2019-04-26','Av union covoca sector 4 y medio esquona panaderia nutripan esquina',7,20.00,0.00,-0.282668,-79.204088,'2019-04-02 16:59:44','2019-04-02 16:59:44',192,0,4,12,12,32),
	(1612,'069',202,72,'2019-02-26','Salomón villacis','0969180557',NULL,NULL,'Ucom2','Ucom',NULL,NULL,'Narcizs','0994555555','Angela','3764596','2019-04-05',NULL,7,20.00,0.00,-0.229647,-79.178964,'2019-04-02 16:59:52','2019-04-05 02:58:26',92,0,4,12,12,32),
	(1622,'328',132,252,'2019-03-13','Sergio pinargote','0989549239',NULL,NULL,'Calle 29 kra 23','Carnenza lucha',NULL,NULL,'Patricia rodriguez','0993801098','Hhh','2222','2019-04-21','Esquina tienda casa Rosada ',2,50.00,0.00,-0.270308,-79.446621,'2019-04-02 17:02:14','2019-04-02 17:02:14',152,0,4,12,12,232),
	(1632,'341',202,72,'2019-03-14','Delia del pilar cruz','0939055391','David alijon','0988867335','Calle valle hermoso','30 de junio','Calle del esfuerzo',NULL,'David alejon ','0988867335','David alejon','0988867335','2019-03-30','Casa roja de dos pisos diagonal a la esquina naranja con cafe',7,20.00,0.00,-0.258894,-79.199371,'2019-04-02 17:03:55','2019-04-02 17:03:55',142,0,4,12,12,32),
	(1642,'238',202,72,'2019-03-30','Ruben palamidez','0959729838',NULL,NULL,'2 de mayo','2 mayo',NULL,NULL,'Yeizon','0959729838','Paladino','0959729838','2019-04-03',NULL,7,20.00,0.00,-0.231330,-79.183635,'2019-04-02 17:09:38','2019-04-02 17:09:38',112,0,4,12,12,32),
	(1652,'337',202,72,'2019-03-14','Estella norma espin ','0987990290',NULL,NULL,'Calle valle hermoso','Barrio 30 de.junio',NULL,NULL,'Estalin miguel','0981398618','Jnbnnjj','680 ','2019-04-07','Casa muro amarillo rejasnegras ',7,20.00,0.00,-0.259223,-79.199311,'2019-04-02 17:10:05','2019-04-02 17:10:05',102,0,4,12,12,32),
	(1662,'602',202,72,'2019-03-27','Luis vera','0959539533','0000','0000','Union civica digonal salon munal','Union civica','000','000','Leifon andrade','3171941','Oo','000','2019-04-22','Union civica casa porton negro diagonal salon comunal',7,20.00,0.00,-0.284772,-79.201410,'2019-04-02 17:10:06','2019-04-02 17:10:06',192,0,4,12,12,32),
	(1672,'431',132,252,'2019-03-19','Margarita aguirre','0961396180',NULL,NULL,'Detrás de la benefica','Sagrado corazon',NULL,NULL,'Antonio barrero','0981294490','Hhh','555','2019-04-20','Casa mixta en el hueco..arriba esterilla',7,20.00,0.00,-0.271652,-79.459769,'2019-04-02 17:20:24','2019-04-02 17:20:24',172,0,4,12,12,232),
	(1682,'340',202,72,'2019-03-14','Mariana vega','0987852361',NULL,NULL,'Calle valle hermoso','Cooperativa',NULL,NULL,'Mariana vega ','09878532361','Bjhg',' 958','2019-04-02','Casa ladrillo pintado de amarillo crema.porton blanco ',14,10.00,0.00,-0.261521,-79.199378,'2019-04-02 17:24:16','2019-04-02 17:24:16',142,0,3,12,12,32),
	(1692,'230',202,72,'2019-03-02','Juan Carlos guerra','0992017292',NULL,NULL,'Coop echenique','B echenkque',NULL,NULL,'María vuerra','0979461571','Maruja','0980400811','2019-04-02',NULL,7,20.00,0.00,-0.235749,-79.179980,'2019-04-02 17:26:14','2019-04-02 17:26:14',52,0,4,12,12,32),
	(1702,'224',132,252,'2019-03-09','Pedro daniel moreiro','0967753658',NULL,NULL,'Taller servicio toños','Av chone ',NULL,NULL,'Pedro moreira','0981393142','Pedro moreira ','0981393142','2019-04-06','Taller frente al estadio ',14,10.00,0.00,-0.270269,-79.465684,'2019-04-02 17:30:52','2019-04-02 17:30:52',112,0,2,12,12,232),
	(1712,'224',132,252,'2019-03-09','Pedro daniel moreiro','0967753658',NULL,NULL,'Taller servicio toños','Av chone ',NULL,NULL,'Pedro moreira','0981393142','Pedro moreira ','0981393142','2019-04-06','Taller frente al estadio ',14,10.00,0.00,-0.270269,-79.465684,'2019-04-02 17:30:52','2019-04-02 17:30:52',112,0,2,12,12,232),
	(1722,'225',132,252,'2019-03-09','Pedro moreira','0981393142',NULL,NULL,'Av chove','Centro',NULL,NULL,'Pedro','05660257','Hh','222','2019-04-06','Servicio de torno',141,10.00,0.00,-0.270306,-79.465744,'2019-04-02 17:30:58','2019-04-02 17:30:58',112,0,2,12,12,232),
	(1732,'434',132,252,'2019-04-02','Flor lucas','222',NULL,NULL,'Union','Union',NULL,NULL,'Rr','11','Rr','55','2019-04-01',NULL,7,20.00,0.00,-0.263018,-79.477168,'2019-04-02 17:50:35','2019-04-02 17:50:35',42,0,4,12,12,232),
	(1742,'382',132,252,'2019-03-15','Jessica bonilla','0968920209',NULL,NULL,'Av chane frente galleta la copa','Unión popular',NULL,NULL,'Jhh','555','Hh','5555','2019-04-15','Casa  verde  enseguida internet',7,20.00,0.00,-0.260517,-79.477036,'2019-04-02 17:56:21','2019-04-02 17:56:21',172,0,4,12,12,232),
	(1752,'430',132,252,'2019-03-19','Mónica cienr','0968639590',NULL,NULL,'Tienda esquina','12 nov',NULL,NULL,'Diana Molina ','0997531540','Gg','55','2019-04-19','Tienda esquina ',7,20.00,0.00,-0.260721,-79.477954,'2019-04-02 18:01:45','2019-04-02 18:01:45',172,0,4,12,12,232),
	(1762,'417',132,252,'2019-03-19','Mercedes rodriguez','0939472573',NULL,NULL,'Frente cancha la alameda','La alameda',NULL,NULL,'Jesús Antonio ','0985858435','Hh','222','2019-04-06','Casa Blanca con llantas',7,20.00,0.00,-0.261263,-79.478022,'2019-04-02 18:05:35','2019-04-02 18:05:35',152,0,4,12,12,232),
	(1772,'417',132,252,'2019-03-19','Mercedes rodriguez','0939472573',NULL,NULL,'Frente cancha la alameda','La alameda',NULL,NULL,'Jesús Antonio ','0985858435','Hh','222','2019-04-06','Casa Blanca con llantas',7,20.00,0.00,-0.261263,-79.478022,'2019-04-02 18:05:35','2019-04-02 18:05:35',152,0,4,12,12,232),
	(1782,'394',132,252,'2019-03-15','Mónica montufar','0997545056',NULL,NULL,'Alameda','ALameda',NULL,NULL,'Ggg444','5555','Rrr','222','2019-04-01',NULL,7,20.00,0.00,-0.261250,-79.476907,'2019-04-02 18:15:24','2019-04-02 18:15:24',152,0,4,12,12,232),
	(1792,'704',202,72,'2019-04-02','María Ramona Quiroz','0988560517',NULL,NULL,' Calle Pedro Fermín Cevallos ','Santa Martha sector 6',NULL,NULL,'Verónica cabezas ','0986083543','José garcia','0990437037','2019-04-15','Calle Pedro Fermín Cevallos con calle Segundo Luis moreno al respaldo colegio Nicolás Escobar taller de sueldo pared verde, se entra por avenida Quevedo con avenida Jacinto Cortés por la principal del colegio Torre comunicaciones naranja y blamco',7,20.00,0.00,-0.279463,-79.182582,'2019-04-02 18:16:44','2019-04-02 18:16:44',92,0,4,12,12,32),
	(1802,'705',202,72,'2019-04-02','Karina farias','0979562212',NULL,NULL,'Calle Pedro Fermín','Santa Martha sector 6',NULL,NULL,'Andrés Castrillon','0959013792','Tania ','0998167370','2019-04-15',' Calle Pedro Fermín con calle segundo Luis moreno casa amarillo respaldo del colegio Nicolás Escobar se entra por la avenida Jacinto Cortés antena de comunicaciones',7,20.00,0.00,-0.278546,-79.181323,'2019-04-02 18:23:02','2019-04-02 18:23:02',102,0,4,12,12,32),
	(1812,'705',202,72,'2019-04-02','Karina farias','0979562212',NULL,NULL,'Calle Pedro Fermín','Santa Martha sector 6',NULL,NULL,'Andrés Castrillon','0959013792','Tania ','0998167370','2019-04-15',' Calle Pedro Fermín con calle segundo Luis moreno casa amarillo respaldo del colegio Nicolás Escobar se entra por la avenida Jacinto Cortés antena de comunicaciones',7,20.00,0.00,-0.278546,-79.181323,'2019-04-02 18:23:02','2019-04-02 18:23:02',102,0,4,12,12,32),
	(1822,'228',202,72,'2019-03-31','Dionicio velez','0967167681',NULL,NULL,'Gran colombia','La gran colombia',NULL,NULL,'Rosa loor','0967167681','Jorge','0967167681','2019-04-02',NULL,7,20.00,0.00,-0.239152,-79.187018,'2019-04-02 18:24:09','2019-04-02 18:24:09',62,0,4,12,12,32),
	(1832,'228',202,72,'2019-03-31','Dionicio velez','0967167681',NULL,NULL,'Gran colombia','La gran colombia',NULL,NULL,'Rosa loor','0967167681','Jorge','0967167681','2019-04-02',NULL,7,20.00,0.00,-0.239175,-79.187031,'2019-04-02 18:24:38','2019-04-02 18:24:38',62,0,4,12,12,32),
	(1842,'383',132,252,'2019-03-15','Fanny cabrero','0991721436',NULL,NULL,'Lotizacion','Lotizacion',NULL,NULL,'Gg','22','Tt','22','2019-04-01',NULL,7,20.00,0.00,-0.263867,-79.471132,'2019-04-02 18:25:04','2019-04-02 18:25:04',172,0,4,12,12,232),
	(1852,'383',132,252,'2019-03-15','Fanny cabrero','0991721436',NULL,NULL,'Lotizacion','Lotizacion',NULL,NULL,'Gg','22','Tt','22','2019-04-01',NULL,7,20.00,0.00,-0.263867,-79.471132,'2019-04-02 18:25:04','2019-04-02 18:25:04',172,0,4,12,12,232),
	(1862,'383',132,252,'2019-03-15','Fanny cabrero','0991721436',NULL,NULL,'Lotizacion','Lotizacion',NULL,NULL,'Gg','22','Tt','22','2019-04-01',NULL,7,20.00,0.00,-0.263867,-79.471132,'2019-04-02 18:25:04','2019-04-02 18:25:04',172,0,4,12,12,232),
	(1872,'706',202,72,'2019-04-02','Tania polo','0998167370',NULL,NULL,'Sector 6 ','Santa Martha ',NULL,NULL,'Karina Farias ','0979562212','Andrés castrillon','0959013792','2019-04-15','Calle Pedro Fermín Cevallos con calle segundo Luis moreno casa amarillo por el colegio Torre de comunicaciones ',7,20.00,0.00,-0.278524,-79.181296,'2019-04-02 18:28:07','2019-04-02 18:28:07',102,0,4,12,12,32),
	(1882,'374',132,252,'2019-03-15','Fabricio moreira','0979292162',NULL,NULL,'Restaurante y tortillas el paso','Av chone',NULL,NULL,'Hhh','55','Ggg','222','2019-04-30','Frente de automotriz rodriguez',7,20.00,0.00,-0.265090,-79.470196,'2019-04-02 18:30:41','2019-04-02 18:30:41',152,0,4,12,12,232),
	(1892,'375',202,72,'2019-03-16','Joffer cabrera','0981837866',NULL,NULL,'Cll australia con sudan','El porton',NULL,NULL,'Dfhjj','0988888888','Manuela','0995555555','2019-04-03',NULL,2,50.00,0.00,-0.239439,-79.193347,'2019-04-02 18:37:59','2019-04-02 18:37:59',122,0,4,12,12,32),
	(1902,'560',202,72,'2019-03-25','Emili tuares','0980895090','Ooo','000','Mirador dw las nercedes','Escudo','0','0','Amaira vera','0997178750','Maria','37807419','2019-04-05','Eacudo  barselona',7,20.00,0.00,-0.269847,-79.207978,'2019-04-02 18:48:58','2019-04-02 18:48:58',82,0,4,12,12,32),
	(1912,'560',202,72,'2019-03-25','Emili tuares','0980895090','Ooo','000','Mirador dw las nercedes','Escudo','0','0','Amaira vera','0997178750','Maria','37807419','2019-04-05','Eacudo  barselona',7,20.00,0.00,-0.269847,-79.207978,'2019-04-02 18:48:58','2019-04-02 18:48:58',82,0,4,12,12,32),
	(1922,'467 ',202,72,'2019-03-21','José rosado ','0969888946',NULL,NULL,'Avenida Edmundo andrade ','Proletariado ',NULL,NULL,'Rocío tapia ','0988492065','Jvhj','884','2019-04-07',NULL,4,30.00,0.00,-0.283837,-79.211352,'2019-04-02 18:56:50','2019-04-02 18:56:50',142,0,4,12,12,32),
	(1932,'466',202,72,'2019-03-21','Beatriz benites','0968744653',NULL,NULL,'Calle 3 ','Proletariado casa verde rejas café ',NULL,NULL,'Leonel quintero ','0991917717','Jvvv','57855','2019-04-02',NULL,14,10.00,0.00,-0.283266,-79.213591,'2019-04-02 19:05:33','2019-04-02 19:05:33',142,0,3,12,12,32),
	(1942,'93',132,252,'2019-02-27','Erick zambrano','0979879641',NULL,NULL,'Av Víctor Astudillo esquina','Centro',NULL,NULL,'Diana ','0986752845','Tt44','557','2019-04-06','Venta helado',7,20.00,0.00,-0.273958,-79.463716,'2019-04-02 19:14:43','2019-04-02 19:14:43',172,0,4,12,12,232),
	(1952,'423',202,72,'2019-03-19','Diana vitel','0988077749',NULL,NULL,'Nueva provincia ','Proletariado ',NULL,NULL,'Diana ','02374811','Hnbv','8878','2019-04-05','Papelería cyber diogo ',7,20.00,0.00,-0.278392,-79.210934,'2019-04-02 19:17:00','2019-04-02 19:17:00',142,0,4,12,12,32),
	(1962,'305',132,252,'2019-03-01','Nancy veraloor','0967443480',NULL,NULL,'Calle 10 esquina Diagonal capilla','10 de agosto',NULL,NULL,'Víctor San Martín ','0980250308','Ttt','222','2019-04-02','Tienda la nueva esquina ',7,20.00,0.00,-0.277226,-79.463487,'2019-04-02 19:32:22','2019-04-02 19:32:22',172,0,4,12,12,232),
	(1972,'415',202,72,'2019-03-18','Maríbel tarida ','0980141538',NULL,NULL,'Calle Edmundo andrade ','Sueños de  vivir ',NULL,NULL,'Ujvvv','5808','Jcfgg','57788','2019-04-08','Casa portón de tabla enseguida casa rejas negras de dos pisos seguido al paradero de auto bus ',7,20.00,5.00,-0.272167,-79.214624,'2019-04-02 19:32:38','2019-04-03 17:31:22',142,0,4,12,12,32),
	(1982,'707',202,72,'2019-04-02','Olivia Águila García','3700778',NULL,NULL,'Sector 6','Santa Martha',NULL,NULL,'Edwin Bonilla ','0958746529','Edwin Bonilla','0958746529','2019-04-15','Calle Luis Alfredo Martínez con avenida Jacinto Cortés frente a la Iglesia San Nicolás de mira casa esquina de rejas muralla verde del mojo casa interior color azul ',7,20.00,0.00,-0.277275,-79.183143,'2019-04-02 19:36:05','2019-04-02 19:36:05',92,0,4,12,12,32),
	(1992,'310',132,252,'2019-03-11','Maritza Isabel gorgongora','0985018288',NULL,NULL,'Por la capilla calle 10 agosto','Santa maria',NULL,NULL,'Líder ramirez','0991910349','Hhh','333','2019-04-06','Tienda amarilla . Techo de zinc',7,20.00,0.00,-0.277249,-79.463542,'2019-04-02 19:39:36','2019-04-02 19:39:36',112,0,4,12,12,232),
	(2002,'441',202,72,'2019-03-18','Jessica valladares','0978668685',NULL,NULL,'Calle esmeraldas','Los laureles','Mnz 26 casa 29',NULL,'Victoria ','0989762182','Bvvjj','9888','2019-04-05','Casa amarilla con rejas blancas y puerta de madera de un piso frente a casa verde ',14,10.00,0.00,-0.277012,-79.214371,'2019-04-02 19:42:40','2019-04-02 19:42:40',142,0,3,12,12,32),
	(2012,'375',202,72,'2019-03-16','Joffer cabrera','0981837866',NULL,NULL,'Cll australia con sudan','El porton',NULL,NULL,'Dfhjj','0988888888','Manuela','0995555555','2019-04-03',NULL,2,50.00,0.00,-0.239439,-79.193347,'2019-04-02 19:45:20','2019-04-02 19:45:20',122,0,4,12,12,32),
	(2022,'058',202,72,'2019-02-25','María gloria sarango','0993271473',NULL,NULL,'Calle 3 julio con tulcan','Centro buhoneros',NULL,NULL,'Patricio sanchez','0982878058','Patrici','0996542387','2019-04-02',NULL,7,20.00,0.00,-0.254740,-79.169664,'2019-04-02 19:48:32','2019-04-02 19:48:32',162,0,4,12,12,32),
	(2032,'309',132,252,'2019-03-11','Yina  solarza','0969997814',NULL,NULL,'Av 3 julio  Diagonal a la capilla ','Paraiso',NULL,NULL,'Jose','09918746517','Tt','33','2019-03-20','Casa esquina verde ',7,20.00,0.00,-0.280682,-79.466529,'2019-04-02 19:51:47','2019-04-02 19:51:47',112,0,4,12,12,232),
	(2042,'501',202,72,'2019-03-22','Selvino alma y costa ','0939612751',NULL,NULL,'Calle Miraflores ','Proletariado',NULL,'Avenida Edmundo andrade ','Evelin bazurto ','0959717173','Jvgh','878','2019-04-22','Por toda la avenida Edmundo andrade por cruz Azul a la derecha frente a casa de tres pisos verde la casa tiene un porto  de tablas ',2,40.00,0.00,-0.279035,-79.211265,'2019-04-02 19:55:04','2019-04-02 19:55:04',142,0,4,12,12,32),
	(2052,'453',132,252,'2019-03-21','Leonor turbaco','0999187789',NULL,NULL,'Av 3 de julio ','Santa tereza',NULL,NULL,'Rosa Valencia ','0981294471','Hh','666','2019-04-20','Color blanco  dos casas peluquería romi',7,20.00,0.00,-0.281320,-79.467910,'2019-04-02 20:00:46','2019-04-02 20:00:46',42,0,4,12,12,232),
	(2062,'535',132,252,'2019-03-13','Milton arauz','0996402056',NULL,NULL,'Entrada billar el gato al fondo','Santa teresita',NULL,NULL,'Gloria mora','0961496722','Nnn','222','2019-05-04','Casa esterilla al fondo',7,20.00,0.00,-0.282445,-79.467519,'2019-04-02 20:11:11','2019-04-02 20:11:11',152,0,4,12,12,232),
	(2072,'708',202,72,'2019-04-02','Maruja montaño','0982344152',NULL,NULL,'Av San Jacinto Cortés  ','Santa Martha ',NULL,NULL,'Jorge ','0984257540','Jorge Henrique','0984257540','2019-04-17','Frente lavadero de carros portón rejas verdes pared muralla color crema con rojo ',7,20.00,0.00,-0.274630,-79.183264,'2019-04-02 20:18:57','2019-04-02 20:18:57',62,0,4,12,12,32),
	(2082,'477',202,72,'2019-03-20','María bazurto','0979619751',NULL,NULL,'Calle 9 pasaje 4 ','Proletariado',NULL,NULL,'Evelin ','0959717173','Ana ','0985852624','2019-04-09','Casa blanca puerta de zin ',7,20.00,0.00,-0.275065,-79.211703,'2019-04-02 20:20:49','2019-04-02 20:20:49',142,0,4,12,12,32),
	(2092,'562',132,252,'2019-03-25','Lidia  cedeño','0993522059',NULL,NULL,'Casa curuba','Lotización el rey',NULL,NULL,'Feliz picae','0981881809','Hh','33','2019-05-02','1 piso chambrana de cemento ',7,20.00,0.00,-0.282297,-79.462330,'2019-04-02 20:23:24','2019-04-02 20:23:24',42,0,4,12,12,232),
	(2102,'543',132,252,'2019-03-25','Ángel salvatierra','0993468525','Magali cusne','0989909374','Techo zinc','Lotizacion  el rey',NULL,NULL,'Hh66','33','Hh','55','2019-04-25','Casa rejas de maya',7,20.00,0.00,-0.283114,-79.461496,'2019-04-02 20:30:19','2019-04-02 20:30:19',42,0,4,12,12,232),
	(2112,'556',132,252,'2019-03-25','Mayerli chica','0979536562',NULL,NULL,'Camino vivo','Manabile',NULL,NULL,'Darío cedeño','0979536562','Nn','337','2019-04-17','Casa 1 piso techo zinc ladrillo de cemento',7,20.00,0.00,-0.281996,-79.460396,'2019-04-02 20:37:21','2019-04-02 20:37:21',172,0,4,12,12,232),
	(2122,'549',132,252,'2019-03-25','Sandra zambrano','0997575783',NULL,NULL,'Entrada piscina','Manabi',NULL,NULL,'Betsi zambrano','099484125','Hh','222','2019-05-15','Casa rejas rojas . Casa abana',7,20.00,0.00,-0.282656,-79.460030,'2019-04-02 20:46:08','2019-04-02 20:46:08',152,0,4,12,12,232),
	(2132,'544',132,252,'2019-03-25','Rosario raluxi ','0993871732',NULL,NULL,'Manabi libre ','Av latacumba ',NULL,NULL,'Maria Jose sabedra ','099885108','Rosario maria ','0985330817','2019-04-30','Casa d esterilla esquina de plantas ',7,20.00,0.00,-0.282189,-79.459705,'2019-04-02 20:52:20','2019-04-02 20:52:20',72,0,4,12,12,232),
	(2142,'555',132,252,'2019-03-25','María mendoza','0979312754',NULL,NULL,'Al frente de lote donde hay grava','Manabi',NULL,NULL,'Gema mero','0979312754','T','2','2019-04-10','Casa tablas Rosada y amarilla',7,20.00,0.00,-0.282208,-79.459714,'2019-04-02 20:55:49','2019-04-02 20:55:49',72,0,4,12,12,232),
	(2152,'594',132,252,'2019-03-26','Cristian lopez','0992008074',NULL,NULL,'Calle Manuela saenz','La cruz',NULL,NULL,'Ingrid cobeñas ','0988880849','Gg','22','2019-04-26','Casa fondo curuba  rejas negras',7,20.00,0.00,-0.281201,-79.454932,'2019-04-02 21:02:45','2019-04-02 21:02:45',42,0,4,12,12,232),
	(2162,'585',132,252,'2019-03-26','Heredia Moreira anna lucia ','0967200464',NULL,NULL,'Luis Cruz','Manuelita zans ',NULL,NULL,'Josefina Heredia ','0969384057','Josefina heredia ','0969384057','2019-04-29','Detrás del tanque d agua casa de esterilla mata de plátano afuera al lado de portón garaje negro con amarillo casa verde ',7,20.00,0.00,-0.281520,-79.455938,'2019-04-02 21:04:09','2019-04-02 21:04:09',172,0,4,12,12,232),
	(2172,'585',132,252,'2019-03-26','Heredia Moreira anna lucia ','0967200464',NULL,NULL,'Luis Cruz','Manuelita zans ',NULL,NULL,'Josefina Heredia ','0969384057','Josefina heredia ','0969384057','2019-04-29','Detrás del tanque d agua casa de esterilla mata de plátano afuera al lado de portón garaje negro con amarillo casa verde ',7,20.00,0.00,-0.281520,-79.455938,'2019-04-02 21:04:09','2019-04-02 21:04:09',172,0,4,12,12,232),
	(2182,'684',132,252,'2019-03-26','María sabandu','0979582595',NULL,NULL,'Manuela Sáenz casa de madera','La cruz',NULL,NULL,'Hh','55','Tt','22','2019-04-15','Reja  de guadua',7,20.00,0.00,-0.281415,-79.456105,'2019-04-02 21:09:16','2019-04-02 21:09:16',152,0,4,12,12,232),
	(2192,'566',132,252,'2019-03-26','Klever rivera ','0988230595',NULL,NULL,'Luis cruz','Manueka zans ',NULL,NULL,'Silvia rivera ','0989628688','Rubí vera ','0969925351','2019-04-10','Diagonal al tanque casa esquinera color verde con rejas blancas ',7,20.00,0.00,-0.281440,-79.456278,'2019-04-02 21:13:39','2019-04-02 21:13:39',72,0,4,12,12,232),
	(2202,'566',132,252,'2019-03-26','Klever rivera ','0988230595',NULL,NULL,'Luis cruz','Manueka zans ',NULL,NULL,'Silvia rivera ','0989628688','Rubí vera ','0969925351','2019-04-10','Diagonal al tanque casa esquinera color verde con rejas blancas ',7,20.00,0.00,-0.281440,-79.456278,'2019-04-02 21:13:39','2019-04-02 21:13:39',72,0,4,12,12,232),
	(2212,'480',202,72,'2019-04-20','Rosero franklin ','0991881197',NULL,NULL,'Tienda ','15 septiembre ',NULL,NULL,'Vvjhg','45888','Jcvjh','5786','2019-04-10','Mini tienda en la esquina Nayquel ',14,10.00,0.00,-0.274973,-79.209525,'2019-04-02 21:16:24','2019-04-05 20:54:47',142,0,3,12,12,32),
	(2222,'583',132,252,'2019-03-26','Carmen zambrano','0967606378',NULL,NULL,'Calle la z','Santa isabel',NULL,NULL,'Johana mendoza','0979451785','Gg','55','2019-04-15','Casa verde rejas negras',7,20.00,0.00,-0.279506,-79.458448,'2019-04-02 21:19:23','2019-04-02 21:19:23',152,0,4,12,12,232),
	(2232,'595',132,252,'2019-03-26','Carmen mero','0967113647',NULL,NULL,'Bajando por los patios de transito','Tasio castillo',NULL,NULL,'Adriana cordero','0967213719','Hh','22','2019-03-29','Al fondo abajo casa blanca',7,20.00,0.00,-0.278435,-79.456060,'2019-04-02 21:26:07','2019-04-02 21:26:07',42,0,4,12,12,232),
	(2242,'558',202,72,'2019-03-24','José burbano ','0992227611',NULL,NULL,'Calle vista ','Cooperativa 15 de septiembre ',NULL,NULL,'Hbbh','8885','Nnjkj','8888','2019-04-05','Casa de. Arderá y zinc ',7,20.00,0.00,-0.271551,-79.205044,'2019-04-02 21:30:56','2019-04-02 21:30:56',142,0,4,12,12,32),
	(2252,'586',132,252,'2019-03-26','Fernanda pincay','0980755814',NULL,NULL,'Calle francisco','Santa isabel',NULL,NULL,'Juan ponse','0980755814','Hh','55','2019-04-08','Casa esterilla',7,20.00,0.00,-0.279639,-79.459141,'2019-04-02 21:32:46','2019-04-02 21:32:46',172,0,4,12,12,232),
	(2262,'514',202,72,'2019-04-02','Karina cajas','0997353062',NULL,NULL,'Coop proletariado sector miraflores','Alborada',NULL,NULL,'Maria nastung','023740171','Maria soto','09931882601','2019-04-22','Casa dos pisos primer color azul y segundo obra azul entrada por el gimnasio de av edmundo andrade',7,20.00,0.00,-0.280237,-79.211740,'2019-04-02 21:47:57','2019-04-02 21:47:57',162,0,4,12,12,32),
	(2272,'589',202,72,'2019-03-26','María velez','0986277656',NULL,NULL,'Avenida los santurios','La unión civica',NULL,NULL,'José Diego ','0986277656','José Diego ','0986277656','2019-04-03','Casa verde con blanco enseguida casa amarilla frente al lote ',14,10.00,0.00,-0.282788,-79.203021,'2019-04-02 21:51:41','2019-04-02 21:51:41',142,0,3,12,12,32),
	(2282,'448',202,72,'2019-04-02','Ignasio ovando','0967244337',NULL,NULL,' Coop proletariado cl simom bolivar','24 diciembre',NULL,NULL,'Leiton','0985700998','Leiton','3741941','2019-04-22','Cobrar en Av edmundo andrade coop proletariado negocio de frutas y verduras enseguida papeleria y cyber diagonal upc',7,20.00,0.00,-0.277393,-79.213140,'2019-04-02 21:55:37','2019-04-02 21:55:37',192,0,4,12,12,32),
	(2292,'497',132,252,'2019-03-20','Virginia alarcon ','0988318936',NULL,NULL,'Los pinos','Av 3 de julio ',NULL,NULL,'Yeikol alaba ','0939140463','Yeikol alaba ','0939440463','2019-05-02','Casa verde bajando al lado del taller vulcanizadora llantas ',7,20.00,0.00,-0.273849,-79.468265,'2019-04-02 21:58:23','2019-04-02 21:58:23',172,0,4,12,12,232),
	(2302,'497',132,252,'2019-03-20','Virginia alarcon ','0988318936',NULL,NULL,'Los pinos','Av 3 de julio ',NULL,NULL,'Yeikol alaba ','0939140463','Yeikol alaba ','0939440463','2019-05-02','Casa verde bajando al lado del taller vulcanizadora llantas ',7,20.00,0.00,-0.273849,-79.468265,'2019-04-02 21:58:23','2019-04-02 21:58:23',172,0,4,12,12,232),
	(2312,'447',202,72,'2019-04-02','Leiton andrade','3741941',NULL,NULL,'Coop proletariado','Proletariado',NULL,NULL,'Ignasio ovando','0967244337','Ignasio ovando','0967244337','2019-04-22',' Cobrar Av edmundo andrade negocio venta de frutas y verduras enseguida cyber y papeleria diagonal upc',72,20.00,0.00,-0.277563,-79.213038,'2019-04-02 22:00:32','2019-04-02 22:00:32',192,0,4,12,12,32),
	(2322,'500',202,72,'2019-04-02','Mayra changotasig','0959460856',NULL,NULL,'Coop proletariado','Leon febres cordero',NULL,NULL,'Maria verde soto','0993188260','Maria verde soto','0993188260','2019-04-18','Av edmundo andrade esquina tienda enseguida de venta de zapatos frente farmacias comunitatias',1,80.00,0.00,-0.279707,-79.212662,'2019-04-02 22:05:43','2019-04-02 22:05:43',162,0,4,12,12,32),
	(2332,'498',132,252,'2019-03-20','Celeste barre','0994675378',NULL,NULL,'Calle 3 julio Diagonal a la cancha','17 de diciembre',NULL,NULL,'Jordan más las ','0981550234','Hhh','55','2019-04-10','Casa verde rejas negras',7,20.00,0.00,-0.273137,-79.468377,'2019-04-02 22:14:10','2019-04-02 22:14:10',172,0,4,12,12,232),
	(2342,'496',132,252,'2019-03-20','Odiana mendoza','0997293555',NULL,NULL,'Av 3 de julio av chane','Los pinos',NULL,NULL,'Winilton mendoza','0997293555','Virginia alarcon','0988318936','2019-04-02','Vulcanizadora los pinos',7,20.00,0.00,-0.273738,-79.467955,'2019-04-02 22:14:10','2019-04-02 22:14:10',172,0,4,12,12,232),
	(2352,'455',202,72,'2019-04-02','Omar baston rodriguez','0981860183',NULL,NULL,'Coop proletariado','Proletariado',NULL,NULL,'Alcivar paredes','0939132370','Alcivar paredes','0939132370','2019-03-30','Puerta de reja verde por la av edmundo andrade',7,20.00,0.00,-0.282933,-79.212220,'2019-04-02 22:16:40','2019-04-02 22:16:40',162,0,4,12,12,32),
	(2362,'478',132,252,'2019-03-20','Fenoveva','0997006002',NULL,NULL,'Frente a escuela manuela','17 de diciembre',NULL,NULL,'Andy olmedo','0969657907','Tt','22','2019-04-10','Casa beige rejas blancas',7,20.00,0.00,-0.272156,-79.468456,'2019-04-02 22:17:00','2019-04-02 22:17:00',152,0,4,12,12,232),
	(2372,'485',202,72,'2019-04-02','Lidia yesenia carrillo','0968547551',NULL,NULL,'Av edmundo andrade ','Coop proletariado',NULL,NULL,'Convencional','3741171','Convencional ','3741171','2019-03-23','Casa azul enseguida tienda ',7,20.00,0.00,-0.274725,-79.213383,'2019-04-02 22:21:00','2019-04-02 22:21:00',122,0,4,12,12,32),
	(2382,'644',202,72,'2019-03-28','Angelica Ramos ','0939790881',NULL,NULL,'Avenida la lorena','Cooperativa abdon malaver','Calle Joaquín balaguer',NULL,'Luis cueva','0984170353','Luis Alberto ramos','0996320705','2019-04-28','Taller aluminio pato glass casa caoba rejas negras',7,20.00,0.00,-0.256928,-79.160113,'2019-04-02 22:22:08','2019-04-02 22:22:08',52,0,4,12,12,32),
	(2392,'494',132,252,'2019-03-20','Nancy quimis','22',NULL,NULL,'Frente radio eco','San antonio',NULL,NULL,'Hh','55','Gg','22','2019-04-06','1 piso casa amarilla de 2 pisos',7,20.00,0.00,-0.275954,-79.470066,'2019-04-02 22:23:36','2019-04-02 22:23:36',42,0,4,12,12,232),
	(2402,'597',202,72,'2019-03-27','Fátima macias','0939830796',NULL,NULL,'Calle alejo carpentier ','Cooperativa la Lorena ',NULL,NULL,'Bbvgh','58855','Hjbvh','5885','2019-04-20','Casa de un piso amarilla ',7,20.00,0.00,-0.256606,-79.155771,'2019-04-02 22:28:43','2019-04-02 22:28:43',142,0,4,12,12,32),
	(2412,'532',132,252,'2019-03-28','Patricia cedeño','0989141916',NULL,NULL,'Esquinera Diagonal iglesia evangeli','Lotizacion  Ignacio andrade',NULL,NULL,'Yoselin cedeño','0959742820','Hh','22','2019-04-21','Casa curuba techo zinc',7,20.00,0.00,-0.274972,-79.471316,'2019-04-02 22:29:51','2019-04-02 22:29:51',42,0,4,12,12,232),
	(2422,'493',202,72,'2019-04-02','Diogenes soledispa','3740030',NULL,NULL,'Calle B av edmundo andrade','Coop proletariado sect os laureles',NULL,NULL,'Satreria','3740030','Sastreria','3740030','2019-04-10','Calle 22 de octubre Sastreria manabi Casa color curuba  rejas negras',7,20.00,0.00,-0.275210,-79.212777,'2019-04-02 22:32:25','2019-04-02 22:32:25',82,0,4,12,12,32),
	(2432,'599',202,72,'2019-03-27','Marítza palacios ','0981143929',NULL,NULL,'Calle alejo carpentier ','Cooperativa nuevo santo domingo ',NULL,NULL,'Yefri palacios ','0997574050','Hvvjj','8759','2019-04-10','Casa color roja de rejas negras ',7,20.00,0.00,-0.259884,-79.155969,'2019-04-02 22:34:48','2019-04-02 22:34:48',52,0,4,12,12,32),
	(2442,'454',132,252,'2019-03-21','Pedro velasco','0961020287',NULL,NULL,'Salón de billar ','San antonio',NULL,NULL,'Wilinton velasco','0989641682','Tt','22','2019-04-13','Casa de 3 pisos curuba',7,20.00,0.00,-0.280127,-79.469758,'2019-04-02 22:39:39','2019-04-02 22:39:39',42,0,4,12,12,232),
	(2452,'487',202,72,'2019-04-02','Maria ochoa','0984067573',NULL,NULL,'Calle B sector laureles','Coop proletariado',NULL,NULL,'Margarita floreida','0995578438','Margsrita floreida','0995578438','2019-04-20','Casa color vinotinto con curuba taller de motos',4,25.00,0.00,-0.275197,-79.211817,'2019-04-02 22:42:39','2019-04-02 22:42:39',122,0,4,12,12,32),
	(2462,'458',132,252,'2019-03-28','Tatiana velez','0980856007',NULL,NULL,'Calle av 3 julio av esperanza','San antonio',NULL,NULL,'Nilsa zambrano ','2660426','Hh','55','2019-03-30','De dos pisos ..oficina de contabilidad',7,20.00,0.00,-0.279910,-79.469299,'2019-04-02 22:45:39','2019-04-02 22:45:39',152,0,4,12,12,232),
	(2472,'184',202,72,'2019-03-05','Jose castillo','0069820832',NULL,NULL,'Cll sarayacus con canelos','Coop miradlorez',NULL,NULL,'María flores','0981228156','Luisa','0981228156','2019-04-03',NULL,14,20.00,0.00,-0.259637,-79.146011,'2019-04-02 22:47:56','2019-04-02 22:47:56',42,0,4,12,12,32),
	(2482,'456',132,252,'2019-03-21','Tarcila  acosta','0969488617',NULL,NULL,'Av 3 julio y esperanza ','Silva 1',NULL,NULL,'Briyith cedeño','0959801432','Hh','22','2019-04-03','Rejas de guadua',7,20.00,0.00,-0.279918,-79.468742,'2019-04-02 22:49:43','2019-04-02 22:49:43',172,0,4,12,12,232),
	(2492,'513',202,72,'2019-04-02','Maria verdesoto','0993188269',NULL,NULL,'Coop nueva provincia casa #21 ','Coop nueva provincia',NULL,NULL,'Carla avila ','0982506093','Carla avila','0982506093','2019-04-02','Casa color blanco con rosado entrando por la escuela oswaldo custode y una tienda esquinera',7,20.00,0.00,-0.280412,-79.209208,'2019-04-02 22:52:57','2019-04-02 22:52:57',162,0,4,12,12,32),
	(2502,'596',202,72,'2019-03-27','Liliana izquierdo','0990200544',NULL,NULL,'Avenida la lorena','Calle amaguaña con machachi ',NULL,NULL,'Gvbvv','58888','Jnkjhh','58865','2019-04-08','Casa de dos pisos a mitad de la cuadra ',14,10.00,0.00,-0.255855,-79.153291,'2019-04-02 22:52:59','2019-04-08 22:50:06',142,0,3,12,12,32),
	(2512,'459',132,252,'2019-03-21','Damona pacheco','0986233297',NULL,NULL,'Esquina 1 piso ladrillo','Silva 2',NULL,NULL,'Yeferson Santillá','0983603748','Gg','22','2019-04-14','Rejas negras techo de zinc',7,20.00,0.00,-0.283286,-79.469141,'2019-04-02 22:57:21','2019-04-02 22:57:21',152,0,4,12,12,232),
	(2522,'472',132,252,'2019-03-28','Liliana florez','0993780007',NULL,NULL,'Av la esperanza ','Silva 2',NULL,NULL,'Ana mama','0993780007','Gg','55','2019-04-18','Al frente flores cortinas Zapote puerta de madera',7,20.00,0.00,-0.283211,-79.469306,'2019-04-02 23:04:48','2019-04-02 23:04:48',112,0,4,12,12,232),
	(2532,'412',202,72,'2019-03-19','Carlos enrique ruiz','0997543954','Nada','0000',' Av edmundo andrade Calle sta rosa','Coop proletariado',NULL,NULL,'Carlos ruiz','0997543954','Carlos ruiz','0997543954','2019-04-02','Casa rosada rejas negras entrada por la panaderia D shirley',14,10.00,0.00,-0.278595,-79.212045,'2019-04-02 23:09:04','2019-04-02 23:09:04',122,0,3,12,12,32),
	(2542,'479',132,252,'2019-03-20','Miriam mera','0990523881',NULL,NULL,'Frente cancha ','Las marias',NULL,NULL,'Karen zambrano','0980362967','Hh','22','2019-04-10','De esterilla bajando a mano derecha',7,20.00,0.00,-0.276885,-79.469456,'2019-04-02 23:18:04','2019-04-02 23:18:04',152,0,4,12,12,232),
	(2552,'347',202,72,'2019-03-14','Maríbel tandazo','0992409269',NULL,NULL,'Vía Quito km 5 y medio ','Cooperativo rosadaye ',NULL,NULL,'Hgghh','57786','Jfvjj','1586','2019-04-06','Casa verde con rosado ',7,20.00,0.00,-0.259903,-79.119495,'2019-04-03 00:38:24','2019-04-03 00:38:24',62,0,4,12,12,32),
	(2562,'440',202,72,'2019-04-03','Cristina zambrano','0991616085',NULL,NULL,'Asentamiento sueño de vivir','Coop proletariado',NULL,NULL,'Luis chingan','0991616085','Luis chingan','0991616085','2019-04-08','Frente cancha microfutbol',7,20.00,0.00,-0.272269,-79.215044,'2019-04-03 15:25:44','2019-04-03 15:25:44',92,0,4,12,12,32),
	(2572,'440',202,72,'2019-04-03','Cristina zambrano','0991616085',NULL,NULL,'Asentamiento sueño de vivir','Coop proletariado',NULL,NULL,'Luis chingan','0991616085','Luis chingan','0991616085','2019-04-08','Frente cancha microfutbol',7,20.00,0.00,-0.272269,-79.215044,'2019-04-03 15:25:44','2019-04-03 15:25:44',92,0,4,12,12,32),
	(2582,'426',202,72,'2019-04-03','SusAna cuasas','0959915848',NULL,NULL,'Av Edmundo andrade','Coop proletariado',NULL,NULL,'Alberto Ordóñez ','0959915848','Alberto Ordóñez','0959915848','2019-04-20','Venta de zapatos esquina frente farmacias comunitarias',7,20.00,10.00,-0.279549,-79.212609,'2019-04-03 15:38:08','2019-04-05 20:53:21',102,0,4,12,12,32),
	(2592,'463',202,72,'2019-04-03','Dayanna yaritza soledispa','0986806076',NULL,NULL,' Av Edmundo Andrade Calle 6 o ','Coop proletariado',NULL,NULL,'Betsy soldispa','0984599692','Betsy soledispa ','0984599692','2019-04-08','Casa verde  com amarillo portón verde cerca Iglesia evangélica calle ciega entrada por cancha de voleibol ',72,20.00,5.00,-0.282309,-79.213426,'2019-04-03 15:53:39','2019-04-05 20:52:47',92,0,4,12,12,32),
	(2602,'464',202,72,'2019-03-21','Betsy soledispa ','0984599692',NULL,NULL,'Avenida Edmundo andrade ','Proletariado ',NULL,NULL,'Dayana soledispa ','0986806076','Bbjj','588','2019-05-06','Entrado por la Edmundo andrade por la calle 6 -, o por la calle de la iglesia evangélica casa de dos pisos amarilla con café frente al muro ',7,20.00,10.00,-0.282003,-79.213205,'2019-04-03 15:54:12','2019-04-05 20:51:48',92,0,4,12,12,32),
	(2612,'661',132,252,'2019-03-29','Ricardo angulo','0997275912',NULL,NULL,'Casa de esterilla una ','La puerta de oro',NULL,NULL,'Dolores alexandra','0999236741','Bb','33','2019-04-13','Una cuadra después del tanque de agua',7,20.00,0.00,-0.264484,-79.417149,'2019-04-03 16:00:32','2019-04-03 16:00:32',162,0,4,12,12,232),
	(2622,'465',202,72,'2019-04-03','Roger Aníbal Bravo','0997529379',NULL,NULL,'Av Edmundo Andrade transversal 2','Coop proletariado Barrio el recreo ',NULL,NULL,'Dixi narasa Bravo','0982564767','Dixi narasa Bravo ','0982564767','2019-04-22','Entrada por RIMENVAL FRENTE casa color blanca frente portón verde grande',7,20.00,0.00,-0.283648,-79.212530,'2019-04-03 16:03:05','2019-04-03 16:03:05',102,0,4,12,12,32),
	(2632,'662',132,252,'2019-03-29','Nery ceballos','0940772806',NULL,NULL,'Delicias calle San pavib','Puerta de oro ',NULL,NULL,'Mari luz pazmin','0980957680','Hh','55','2019-04-15','Dos calles abajo de la capilla casa ladrillo y zinc bien abajo',7,20.00,0.00,-0.264577,-79.416307,'2019-04-03 16:05:18','2019-04-03 16:05:18',162,0,4,12,12,232),
	(2642,'516',202,72,'2019-04-03','Luis Ortega','0979024169',NULL,NULL,'Av Edmundo Andrade cCalle Sucre ','Coop proletariado',NULL,NULL,'Carmen Ortega ','0994529551','Carmen Ortega','0994529551','2019-04-10','Casa color blanco con naranja camión azul por entrada de tienda deportiva',72,20.00,0.00,-0.280278,-79.211795,'2019-04-03 16:14:06','2019-04-03 16:14:06',92,0,4,12,12,32),
	(2652,'424',202,72,'2019-04-03','Betsi Antonia Ordóñez','0983081586',NULL,NULL,'Av Edmundo Andrade calle sta rosa','Coop Edmundo Andrade ',NULL,NULL,'José Bravo ','0990436231','José Bravo ','0990436231','2019-04-02','Casa color verde lote 9 manzana 21',7,20.00,0.00,-0.278582,-79.211961,'2019-04-03 16:33:55','2019-04-03 16:33:55',92,0,4,12,12,32),
	(2662,'588',132,252,'2019-04-08','Maria Mercedes López','096310209',NULL,NULL,' Casa en reboque ','La barreto ',NULL,NULL,'Jeferson bravo ','0963102093','Jeferson bravo ','0963102093','2019-04-08','Casa en revoque y esterilla frente a la unidad educativa nacional castillo día ',7,20.00,0.00,-0.278096,-79.458248,'2019-04-03 17:09:53','2019-04-03 17:09:53',162,0,4,12,12,232),
	(2672,'588',132,252,'2019-04-08','Maria Mercedes López','096310209',NULL,NULL,' Casa en reboque ','La barreto ',NULL,NULL,'Jeferson bravo ','0963102093','Jeferson bravo ','0963102093','2019-04-08','Casa en revoque y esterilla frente a la unidad educativa nacional castillo día ',7,20.00,0.00,-0.278096,-79.458248,'2019-04-03 17:09:54','2019-04-03 17:09:54',162,0,4,12,12,232),
	(2682,'588',132,252,'2019-04-08','Maria Mercedes López','096310209',NULL,NULL,' Casa en reboque ','La barreto ',NULL,NULL,'Jeferson bravo ','0963102093','Jeferson bravo ','0963102093','2019-04-08','Casa en revoque y esterilla frente a la unidad educativa nacional castillo día ',7,20.00,0.00,-0.278096,-79.458248,'2019-04-03 17:09:54','2019-04-03 17:09:54',162,0,4,12,12,232),
	(2692,'439',202,72,'2019-04-03','Santa jama cox','0986085427',NULL,NULL,'Calle los laureles','Coop proletariado',NULL,NULL,'Evelyn Ayobi ','0986085427','Evelyn ayoby ','0986085427','2019-04-04','Casa color blanco con amarillo fábrica de envueltos ',7,20.00,0.00,-0.275419,-79.212923,'2019-04-03 17:11:51','2019-04-03 17:11:51',102,0,4,12,12,32),
	(2702,'592',132,252,'2019-03-26','Olmer mansaba','0959562843',NULL,NULL,'Av 3 junio calle vea','Santa isabel',NULL,NULL,'Hh','22','Rr','22','2019-04-15','Seco de guadua casa al fondo',7,20.00,0.00,-0.278580,-79.457637,'2019-04-03 17:17:00','2019-04-03 17:17:00',62,0,4,12,12,232),
	(2712,'489',202,72,'2019-04-03','Angélica zeas','0959490559','','','Av Edmundo Andrade calle','Coop proletariado','','','Richard Macías ','0990517206','Richard Macías ','0990517206','2019-04-04','Calle de la sastreria casa color gris con rosado cerca en limón ',7,20.00,0.00,-0.274994,-79.212110,'2019-04-03 17:18:07','2019-04-04 17:28:23',92,0,4,12,12,32),
	(2722,'561',132,252,'2019-03-25','Mariana anchulla','0',NULL,NULL,'Av la Barreto con calle García more','Mando libre',NULL,NULL,'Hh','22','Jj','22','2019-04-15',NULL,7,20.00,0.00,-0.283327,-79.458369,'2019-04-03 17:23:57','2019-04-03 17:23:57',62,0,4,12,12,232),
	(2732,'598',132,252,'2019-03-27','Anabelly villalba','0959660812',NULL,NULL,'Antena 3 calle eugeno','Espejo',NULL,NULL,'Miriam nevarez','0988565577','Hh','22','2019-04-30','Casa dos pisos rejas grises',7,20.00,0.00,-0.277685,-79.450295,'2019-04-03 17:33:33','2019-04-03 17:33:33',162,0,4,12,12,232),
	(2742,'590',132,252,'2019-03-26','Gustavo macia','0960846298',NULL,NULL,'Pasaje 3 casa 1 piso ','Antena 3',NULL,NULL,'William macias','0960846248','Hh','5','2019-04-27','Gris sastreria',7,20.00,0.00,-0.277622,-79.450277,'2019-04-03 17:37:37','2019-04-03 17:37:37',62,0,4,12,12,232),
	(2752,'609',132,252,'2019-03-27','Dagni andrade','3018008',NULL,NULL,'Calle enrique delgado con atanasio','3 de julio',NULL,NULL,'Ligne ','0995589201','Hh','22','2019-05-06','Rejas de madera',7,20.00,0.00,-0.275845,-79.454836,'2019-04-03 17:55:01','2019-04-03 17:55:01',112,0,4,12,12,232),
	(2762,'425',202,72,'2019-04-03','Diana Alexandra Trejo','0997376808',NULL,NULL,'Calle León febres 10—5 transversal','Coop proletariado','Última casa color blanca al fondo',NULL,'Ana Márquez ','0959120660','Ana Márquez','09591206607','2019-04-08',NULL,7,20.00,0.00,-0.279233,-79.214251,'2019-04-03 18:04:49','2019-04-03 18:04:49',102,0,4,12,12,32),
	(2772,'457',132,252,'2019-03-21','Maria barreiro','0997810347',NULL,NULL,'Av la esperanza','San antonio',NULL,NULL,'Manuel barreiro','0939248680','Tt','22','2019-04-21','Frente guardería bajando',7,20.00,0.00,-0.279253,-79.470553,'2019-04-03 18:54:51','2019-04-03 18:54:51',62,0,4,12,12,232),
	(2782,'473',132,252,'2019-03-21','Dolores rodriguez','0997587478',NULL,NULL,'Salida al paso lateral av la espera','San antonio',NULL,NULL,'Doris','0982955604','Tt','2','2019-04-03','Color amarillo rejas de guadua',7,20.00,0.00,-0.280332,-79.471685,'2019-04-03 19:01:18','2019-04-03 19:01:18',112,0,4,12,12,232),
	(2792,'567',132,252,'2019-03-26','Aurora del carmen Cobeña vera  ','0993313113',NULL,NULL,'Calle Eugenio espejo','Antena 3 ',NULL,NULL,'Leticia auxiliadora mejia ','0982742377','Leticia auxiliadora mejia ','0982742377','2019-04-10','Casa sin repellar al frente d la casa color curuba al fondo de la cuadra ',7,20.00,0.00,-0.277259,-79.450615,'2019-04-03 19:01:39','2019-04-03 19:01:39',72,0,4,12,12,232),
	(2802,'567',132,252,'2019-03-26','Aurora del carmen Cobeña vera  ','0993313113',NULL,NULL,'Calle Eugenio espejo','Antena 3 ',NULL,NULL,'Leticia auxiliadora mejia ','0982742377','Leticia auxiliadora mejia ','0982742377','2019-04-10','Casa sin repellar al frente d la casa color curuba al fondo de la cuadra ',7,20.00,0.00,-0.277259,-79.450615,'2019-04-03 19:01:39','2019-04-03 19:01:39',72,0,4,12,12,232),
	(2812,'567',132,252,'2019-03-26','Aurora del carmen Cobeña vera  ','0993313113',NULL,NULL,'Calle Eugenio espejo','Antena 3 ',NULL,NULL,'Leticia auxiliadora mejia ','0982742377','Leticia auxiliadora mejia ','0982742377','2019-04-10','Casa sin repellar al frente d la casa color curuba al fondo de la cuadra ',7,20.00,0.00,-0.277259,-79.450615,'2019-04-03 19:01:39','2019-04-03 19:01:39',72,0,4,12,12,232),
	(2822,'587',132,252,'2019-04-30','Mirian Nevares','0988565577',NULL,NULL,'Calle 3 pasaje y bahia ','Atena ',NULL,NULL,'Clemente villalba ','0991844431','Clemente villalba ','0991844431','2019-04-30','Casa d dos plantas enrrejada inzquierda entrando, tanque cerca al chapuzón de Mary ',7,20.00,0.00,-0.277775,-79.450342,'2019-04-03 19:01:39','2019-04-03 19:01:39',162,0,4,12,12,232),
	(2832,'587',132,252,'2019-04-30','Mirian Nevares','0988565577',NULL,NULL,'Calle 3 pasaje y bahia ','Atena ',NULL,NULL,'Clemente villalba ','0991844431','Clemente villalba ','0991844431','2019-04-30','Casa d dos plantas enrrejada inzquierda entrando, tanque cerca al chapuzón de Mary ',7,20.00,0.00,-0.277775,-79.450342,'2019-04-03 19:01:40','2019-04-03 19:01:40',162,0,4,12,12,232),
	(2842,'587',132,252,'2019-04-30','Mirian Nevares','0988565577',NULL,NULL,'Calle 3 pasaje y bahia ','Atena ',NULL,NULL,'Clemente villalba ','0991844431','Clemente villalba ','0991844431','2019-04-30','Casa d dos plantas enrrejada inzquierda entrando, tanque cerca al chapuzón de Mary ',7,20.00,0.00,-0.277775,-79.450342,'2019-04-03 19:01:40','2019-04-03 19:01:40',162,0,4,12,12,232),
	(2852,'567',132,252,'2019-03-26','Aurora del carmen Cobeña vera  ','0993313113',NULL,NULL,'Calle Eugenio espejo','Antena 3 ',NULL,NULL,'Leticia auxiliadora mejia ','0982742377','Leticia auxiliadora mejia ','0982742377','2019-04-10','Casa sin repellar al frente d la casa color curuba al fondo de la cuadra ',7,20.00,0.00,-0.277259,-79.450615,'2019-04-03 19:01:40','2019-04-03 19:01:40',72,0,4,12,12,232),
	(2862,'587',132,252,'2019-04-30','Mirian Nevares','0988565577',NULL,NULL,'Calle 3 pasaje y bahia ','Atena ',NULL,NULL,'Clemente villalba ','0991844431','Clemente villalba ','0991844431','2019-04-30','Casa d dos plantas enrrejada inzquierda entrando, tanque cerca al chapuzón de Mary ',7,20.00,0.00,-0.277775,-79.450342,'2019-04-03 19:01:40','2019-04-03 19:01:40',162,0,4,12,12,232),
	(2872,'509',202,72,'2019-04-03','María Torres','0993934611',NULL,NULL,'Coop nueva provincia','Coop nueva provincia',NULL,NULL,'Verónica ','3742365','Verónica ','3742365','2019-04-07','Casa ventanal color curuba con zanahoria ',7,20.00,0.00,-0.278748,-79.209846,'2019-04-03 19:07:51','2019-04-03 19:07:51',102,0,4,12,12,32),
	(2882,'508',202,72,'2019-04-03','Gloria napa','0939222186',NULL,NULL,'Coop nueva provincia','Coop nueva provincia',NULL,NULL,'Yosimar','0969301955','Yosimar','0969301955','2019-04-10','Parada de bus Diagonal cancha de fútbol portón grande negro esquina',7,20.00,0.00,-0.277840,-79.210463,'2019-04-03 19:12:48','2019-04-03 19:12:48',102,0,4,12,12,32),
	(2892,'474',132,252,'2019-03-21','Neyi charito vera ','0994752734',NULL,NULL,'Julio cobo ','San antonio ',NULL,NULL,'Guadalupe','0969336466','Guadalupe','096936466','2019-04-15','Julio Cobo con calle x la unidad educativa Alida Zambrano casa color verde al lado de esterilla',7,20.00,0.00,-0.279655,-79.470512,'2019-04-03 19:15:51','2019-04-03 19:15:51',112,0,3,12,12,232),
	(2902,'474',132,252,'2019-03-21','Neyi charito vera ','0994752734',NULL,NULL,'Julio cobo ','San antonio ',NULL,NULL,'Guadalupe','0969336466','Guadalupe','096936466','2019-04-15','Julio Cobo con calle x la unidad educativa Alida Zambrano casa color verde al lado de esterilla',7,20.00,0.00,-0.279655,-79.470512,'2019-04-03 19:15:52','2019-04-03 19:15:52',112,0,3,12,12,232),
	(2912,'474',132,252,'2019-03-21','Neyi charito vera ','0994752734',NULL,NULL,'Julio cobo ','San antonio ',NULL,NULL,'Guadalupe','0969336466','Guadalupe','096936466','2019-04-15','Julio Cobo con calle x la unidad educativa Alida Zambrano casa color verde al lado de esterilla',7,20.00,0.00,-0.279655,-79.470512,'2019-04-03 19:15:53','2019-04-03 19:15:53',112,0,3,12,12,232),
	(2922,'285',202,72,'2019-03-12','Zoila bautista','0979326930',NULL,NULL,'Cll valle hermoso con río verde','Coop villa Florida ',NULL,NULL,'Jose luis','097326930','Jose','097336930','2019-04-03',NULL,7,20.00,0.00,-0.264438,-79.199283,'2019-04-03 19:21:38','2019-04-03 19:21:38',142,0,4,12,12,32),
	(2932,'1001',202,72,'2019-04-03','Natali vera','0990275571','Cristian','0990275571','San jacinto de bua av principal','Centro','000','000','Vilma vedugo','0993093409','Cristiam','0990275571','2019-04-20','Centro frent al mercado av 16 d agosto',7,20.00,0.00,-0.147325,-79.395258,'2019-04-03 19:22:39','2019-04-03 19:22:39',182,0,4,12,12,232),
	(2942,'537',202,72,'2019-04-03','Adriana de la cruz','0980466794',NULL,NULL,'Nueva provincia','Nueva provincia',NULL,NULL,'María Astudillo','0989914607','Nancy Astudillo ','0997616100','2019-04-16','Edificio blanco de 3 pisos frente transformadores y cancha de voleibol',7,20.00,0.00,-0.276821,-79.204347,'2019-04-03 19:25:10','2019-04-03 19:25:10',92,0,4,12,12,32),
	(2952,'539',202,72,'2019-04-03','Liliana loor','0980466794',NULL,NULL,'Cooperativa 15 de septiembre ','Lote 6 manzana 5',NULL,NULL,'Marleny','3742378','Marleny','3742378','2019-04-16','Casa  de 3 pisos con vidrios azules portón azul diagonal cancha de boleo bol   por los transformadores de energia',7,20.00,0.00,-0.277094,-79.204659,'2019-04-03 19:27:18','2019-04-03 19:27:18',102,0,4,12,12,32),
	(2962,'1002',202,72,'2019-04-03','Germania marquez','0994918521','Oo','00','Centro av 16 de agosto mercado esqu','Centro','00','0000','Regimio velasco','0981818390','Magali bazurto','0939571335','2019-04-17','Restaurant av 16 de agosto esquina mercado rest magali',28,5.00,0.00,-0.147263,-79.395310,'2019-04-03 19:29:49','2019-04-03 19:29:49',42,0,2,12,12,232),
	(2972,'538',202,72,'2019-03-23','Wendy tobar ','0978919358','Fabián ',NULL,'Callejon 1 calle Julio jaramillo ','Cooperativa 15 de septiembre ',NULL,NULL,'José Luis ','0999196027','Jggh','8888','2019-04-10','Atrás del colegio guayasamin casa color curuba puertas vi o tinto con rejas negras ',7,20.00,0.00,-0.275341,-79.206061,'2019-04-03 19:35:27','2019-04-03 19:35:27',92,0,4,12,12,32),
	(2982,'1003',202,72,'2019-04-03','Magali bazurto','0939571335','00','0000','Restaurant magali mercadoav 16agost','Centro','000','0000','Germania marquez','0939571335','Remigio velazco','0981818390','2019-04-17','Restaurant enseguida mercado esquina 16 agosto',14,10.00,0.00,-0.147273,-79.395248,'2019-04-03 19:35:30','2019-04-03 19:35:30',42,0,3,12,12,232),
	(2992,'1003',202,72,'2019-04-03','Magali bazurto','0939571335','00','0000','Restaurant magali mercadoav 16agost','Centro','000','0000','Germania marquez','0939571335','Remigio velazco','0981818390','2019-04-17','Restaurant enseguida mercado esquina 16 agosto',14,10.00,0.00,-0.147273,-79.395248,'2019-04-03 19:35:30','2019-04-03 19:35:30',42,0,3,12,12,232),
	(3002,'387',132,252,'2019-03-15','Manuel velazques','0994420019',NULL,NULL,'Baja x la lechera bien abajo','Las 3 marias',NULL,NULL,'Ramón velasquez','0999661122','Bb','22','2019-04-15','Bajar por la destapada bien abajo a mano derecha casa con solargrande techo rojo',2,40.00,0.00,-0.262701,-79.472027,'2019-04-03 19:36:44','2019-04-03 19:36:44',162,0,4,12,12,232),
	(3012,'541',202,72,'2019-04-03','Davis luigui Benavides','0994032654',NULL,NULL,'Mirador','Coop 15 de septiembre',NULL,NULL,'Diana burbano','0967089418','Diana burbano','0967089418','2019-04-01','Casa color curuba frente al tanque del agua',7,20.00,0.00,-0.271431,-79.205264,'2019-04-03 19:45:50','2019-04-03 19:45:50',92,0,4,12,12,32),
	(3022,'541',202,72,'2019-04-03','Davis luigui Benavides','0994032654',NULL,NULL,'Mirador','Coop 15 de septiembre',NULL,NULL,'Diana burbano','0967089418','Diana burbano','0967089418','2019-04-01','Casa color curuba frente al tanque del agua',7,20.00,0.00,-0.271405,-79.205281,'2019-04-03 19:46:09','2019-04-03 19:46:09',92,0,4,12,12,32),
	(3032,'388',132,252,'2019-03-15','Juan ramos','0939635510',NULL,NULL,'Pasaje o Y pasaje a','Unión popular',NULL,NULL,'Fabian  ramos','0979569073','Hh','22','2019-04-15','Casa frente remolque dice se vende lado de la tienda el callejon',7,20.00,0.00,-0.261743,-79.475628,'2019-04-03 19:47:52','2019-04-03 19:47:52',162,0,4,12,12,232),
	(3042,'061',202,72,'2019-02-25','Esperanza rodriguez','0997857392',NULL,NULL,'Cll 3 julio con azogas','Centro buhoneros',NULL,NULL,'Yanny','096766666666','Rodrguez','095555555555','2019-03-02',NULL,14,10.00,0.00,-0.254043,-79.174877,'2019-04-03 19:50:45','2019-04-03 19:50:45',172,0,2,12,12,32),
	(3052,'421',132,252,'2019-03-19','Maria auxiliadora','0959725743',NULL,NULL,'Calle Martha ','Unión popular',NULL,NULL,'Dani a andrade','0985845108','Hh','2','2019-04-10','1 piso casa blanca de rejas blancas',7,20.00,0.00,-0.261497,-79.479938,'2019-04-03 19:59:38','2019-04-03 19:59:38',62,0,4,12,12,232),
	(3062,'578',202,72,'2019-04-03','Cecilia Álvarez','0980943268',NULL,NULL,'Coop María del rosario','Virgen del cisne',NULL,NULL,'Leopoldo verdesoto','0994300775','Leopoldo verdesoto','0994300775','2019-04-15','Portón grande negro Diagonal gallera ',7,20.00,0.00,-0.271551,-79.208559,'2019-04-03 20:02:44','2019-04-03 20:02:44',102,0,4,12,12,32),
	(3072,'580',202,72,'2019-04-03','Jandy coral','0968949796',NULL,NULL,'Coop María del Rosario','Virgen del cisne',NULL,NULL,'Freddy Zabala','0990799732','Freddy Zabala ','0990799732','2019-04-11','Casa color rosado con azul Palma afuera de la casa cerca oficina de recaudo de agua ',7,20.00,0.00,-0.270444,-79.208935,'2019-04-03 20:06:12','2019-04-03 20:06:12',102,0,4,12,12,32),
	(3082,'420',132,252,'2019-03-19','Cecilia moreira','0986271822',NULL,NULL,'Av Rondón  calle martha','Santa rosa',NULL,NULL,'Alicia moreira','0986271822','Hh','22','2019-04-19','Cancha Destapada a mano derecha casa en bloque',7,20.00,0.00,-0.261759,-79.480242,'2019-04-03 20:15:12','2019-04-03 20:15:12',62,0,4,12,12,232),
	(3092,'420',132,252,'2019-03-19','Cecilia moreira','0986271822',NULL,NULL,'Av Rondón  calle martha','Santa rosa',NULL,NULL,'Alicia moreira','0986271822','Hh','22','2019-04-19','Cancha Destapada a mano derecha casa en bloque',7,20.00,0.00,-0.261759,-79.480242,'2019-04-03 20:15:12','2019-04-03 20:15:12',62,0,4,12,12,232),
	(3102,'420',132,252,'2019-03-19','Cecilia moreira','0986274822',NULL,NULL,'Av roldon calle martha','Santa rosa',NULL,NULL,'Alicia moreira','0986271822','Tt','22','2019-04-19','Destapada al frente de la cancha a mano derecha',7,20.00,0.00,-0.261821,-79.480273,'2019-04-03 20:21:27','2019-04-03 20:21:27',62,0,4,12,12,232),
	(3112,'420',132,252,'2019-03-19','Cecilia moreira','0986274822',NULL,NULL,'Av roldon calle martha','Santa rosa',NULL,NULL,'Alicia moreira','0986271822','Tt','22','2019-04-19','Destapada al frente de la cancha a mano derecha',7,20.00,0.00,-0.261821,-79.480273,'2019-04-03 20:21:27','2019-04-03 20:21:27',62,0,4,12,12,232),
	(3122,'420',132,252,'2019-03-19','Cecilia moreira','0986274822',NULL,NULL,'Av roldon calle martha','Santa rosa',NULL,NULL,'Alicia moreira','0986271822','Tt','22','2019-04-19','Destapada al frente de la cancha a mano derecha',7,20.00,0.00,-0.261821,-79.480273,'2019-04-03 20:21:27','2019-04-03 20:21:27',62,0,4,12,12,232),
	(3132,'420',132,252,'2019-03-19','Cecilia moreira','0986274822',NULL,NULL,'Av roldon calle martha','Santa rosa',NULL,NULL,'Alicia moreira','0986271822','Tt','22','2019-04-19','Destapada al frente de la cancha a mano derecha',7,20.00,0.00,-0.261821,-79.480273,'2019-04-03 20:21:27','2019-04-03 20:21:27',62,0,4,12,12,232),
	(3142,'420',132,252,'2019-03-19','Cecilia moreira ','0986271822',NULL,NULL,'Cooperativa union popular ','Santa rosa ',NULL,NULL,'Alicia moreira ','098621822','Alicia moreira','098621822','2019-04-19','Ave roldon calle Martha frente a la cancha destapada a  mano derecha ',12,10.00,0.00,-0.261904,-79.480172,'2019-04-03 20:25:47','2019-04-03 20:25:47',62,0,3,12,12,232),
	(3152,'108',202,72,'2019-02-28','Maribel sanpedro','0994291148',NULL,NULL,'Lacatunga con 29 de mayo','Centro local bolsos y gorras',NULL,NULL,'Beti sanpedro','0993394219','Janeth sanp','0967547795','2019-05-03',NULL,7,20.00,40.00,-0.253360,-79.170993,'2019-04-03 20:28:41','2019-04-06 16:16:02',152,0,4,12,12,32),
	(3162,'524',132,252,'2019-03-22','Vera albarado','0993478594',NULL,NULL,'Av chone  bajando a la derecha','Santa maria',NULL,NULL,'Carmen','0967934055','Hh','55','2019-04-06','Casa madera al lado de mata de platano',7,20.00,0.00,-0.247564,-79.490521,'2019-04-03 20:38:34','2019-04-03 20:38:34',172,0,4,12,12,232),
	(3172,'202',202,72,'2019-03-09','Carlos kool','0984375063','','','Av tsachilas con río aguarico','Centro','','','Mariam','0979018567','Andrade','0979018567','2019-04-10','',12,10.00,0.00,-0.246806,-79.168170,'2019-04-03 20:45:15','2019-04-04 00:34:43',192,0,2,12,12,32),
	(3182,'525',132,252,'2019-03-22','Maria montes','0959800998',NULL,NULL,'Calle no jala zambrano','Las azucenas',NULL,NULL,'Wilfredo zambrano','0939029757','Tt','22','2019-05-03','Casa esterilla palo de naranja',7,20.00,0.00,-0.251277,-79.489226,'2019-04-03 20:47:38','2019-04-03 20:47:38',172,0,4,12,12,232),
	(3192,'1004',202,72,'2019-04-03','Blanca risco','0988338315','00','00','Calle velasco ibarra san jacinto','Bajada del mercadojaime rondon','00','Ooo','Mauro bonifaz','0990691269','Celina vargas','0969885963','2019-04-20','Bajada del mercado despuea del esterisco en el plan casa color verde ventana rejas  blancas',7,20.00,0.00,-0.145038,-79.394810,'2019-04-03 20:57:34','2019-04-03 20:57:34',152,0,4,12,12,232),
	(3202,'579',202,72,'2019-04-03','Marta Torres','0961024936',NULL,NULL,'Av los anturios','Coop Alejandro Montes de oca',NULL,NULL,'Miriam Castro ','0989794277','Miriam castro','0989794277','2019-04-10','Casa 3 color rosado entrada por la Iglesia de color amarillo',7,20.00,0.00,-0.279565,-79.200867,'2019-04-03 21:01:48','2019-04-03 21:01:48',102,0,4,12,12,32),
	(3212,'523',132,252,'2019-03-22','Berny sambrano ','0986039453',NULL,NULL,'Cancha multiple ','Gran chaparral ',NULL,NULL,'Mirian zambrano ','0988150637','Mirian Zambrano','0988150637','2019-04-06','Casa esquinera frente a la cancha múltiple en rejas de alambre ',7,20.00,0.00,-0.253034,-79.490488,'2019-04-03 21:05:37','2019-04-05 20:56:51',172,0,4,12,12,232),
	(3222,'1005',202,72,'2019-04-03','Milton maron','0980004289','Johana salavarria','0982771582','Calle eloy alfaro y velasco','Casa 504','0','00','Luz divina alcivar','0989952484','Vanesa salavarria','0981890987','2019-04-17','Calle eloy alfaro y velasco ibarra casa 504 casa color crema',7,20.00,0.00,-0.146687,-79.395358,'2019-04-03 21:06:06','2019-04-03 21:06:06',52,0,4,12,12,232),
	(3232,'244',202,72,'2019-03-09','Teresa barre','0987386158',NULL,NULL,'Mercado mayorista','Vía esmeraldas',NULL,NULL,'Alexio','0939306229','Vera','0939306219','2019-03-20',NULL,12,10.00,0.00,-0.208928,-79.179608,'2019-04-03 21:08:18','2019-04-03 21:08:18',192,0,2,12,12,32),
	(3242,'576',202,72,'2019-04-03','Jenny Margarita toala','0982579002',NULL,NULL,'Vía Quevedo av los anturios','21 de febrero',NULL,NULL,'Bismar Medranda','0994214519','Bismar medranda','0994214519','2019-04-10','Casa en obra gris cancha de bolivar',7,20.00,0.00,-0.278663,-79.201033,'2019-04-03 21:08:58','2019-04-03 21:08:58',92,0,4,12,12,32),
	(3252,'520',132,252,'2019-03-22','Maria marcela alcibar','0985937010','','','Casa color curuba ','Gran chaparral ','','','Mel tobar ','0968696965','Mel tobar ','0968696965','2019-04-05','Casa color curuba al lado de la tienda color amarillo esquina lote de matas d plátano x la cancha bajando ',7,20.00,0.00,-0.253261,-79.491643,'2019-04-03 21:10:02','2019-04-05 15:36:00',112,1,4,12,12,232),
	(3262,'577',202,72,'2019-03-26','Carlos agapito Sánchez ','0999342924',NULL,NULL,'Roca fuerte ','Cooperativa montes de oca ',NULL,NULL,'Luis Sanchez ','0989415430','Fhjh','88857','2019-04-10','Le dicen santo roca fuerte la casa blanca de la esquina frente al letrero rojo de pintura ',7,20.00,0.00,-0.282103,-79.200788,'2019-04-03 21:23:08','2019-04-03 21:23:08',92,0,4,12,12,32),
	(3272,'521 ',132,252,'2019-03-22','Franklin Vallejo ','0959996905',NULL,NULL,'Por la papeleria ','Gran chaparral ',NULL,NULL,'Jorge ','0957978622','Jorge','0957978622','2019-04-04','Calle del colegio Hugo cruz después d la cancha diagonal a la papelería al lado d la tienda  ',7,20.00,0.00,-0.253662,-79.490409,'2019-04-03 21:31:07','2019-04-03 21:31:07',112,0,4,12,12,232),
	(3282,'521 ',132,252,'2019-03-22','Franklin Vallejo ','0959996905',NULL,NULL,'Por la papeleria ','Gran chaparral ',NULL,NULL,'Jorge ','0957978622','Jorge','0957978622','2019-04-04','Calle del colegio Hugo cruz después d la cancha diagonal a la papelería al lado d la tienda  ',7,20.00,0.00,-0.253662,-79.490409,'2019-04-03 21:31:07','2019-04-03 21:31:07',112,0,4,12,12,232),
	(3292,'521 ',132,252,'2019-03-22','Franklin Vallejo ','0959996905',NULL,NULL,'Por la papeleria ','Gran chaparral ',NULL,NULL,'Jorge ','0957978622','Jorge','0957978622','2019-04-04','Calle del colegio Hugo cruz después d la cancha diagonal a la papelería al lado d la tienda  ',7,20.00,0.00,-0.253662,-79.490409,'2019-04-03 21:31:07','2019-04-03 21:31:07',112,0,4,12,12,232),
	(3302,'282',202,72,'2019-04-03','Francisco Valverde Espinosa','0982967217','','','Av bomboli ','Villa florida','','','Daisy veloz ','0968048694','Daisy veloz ','0968048694','2019-04-04','Casa color crema con café rejas negras frente a librería J y M casa #485',7,20.00,0.00,-0.263450,-79.198241,'2019-04-03 21:34:39','2019-04-03 21:37:09',92,0,4,12,12,32),
	(3312,'281',202,72,'2019-04-03','Raúl Alberto alaba Macías','0989171083',NULL,NULL,'Av bomboli','La modelo coop Villa Florida',NULL,NULL,'Gabriela parrales ','0984207132','Gabriela parrales ','0984207132','2019-04-09','Casa de de dos pisos segundo piso azul # 719 frente al restaurante MESON enseguida colegio la Florida ',7,20.00,0.00,-0.263136,-79.198259,'2019-04-03 21:43:56','2019-04-08 23:03:42',92,0,4,12,12,32),
	(3322,'507',132,252,'2019-03-22','Mercedes Cobeña','0991147265',NULL,NULL,'Ave loyola zambrano','Gran chaparral ',NULL,NULL,'X','0','X','0','2019-04-22','Casa blanca, cliente salón de belleza blanca x parque infantil y cancha d micro',7,20.00,0.00,-0.252138,-79.490001,'2019-04-03 21:46:26','2019-04-03 21:46:26',42,0,4,12,12,232),
	(3332,'531',132,252,'2019-03-22','Carmen aleivar ','0986676760',NULL,NULL,'Una cuadra antes d la cancha ','Las asucenas ',NULL,NULL,'X ','0','X','0','2019-05-03','A mano izquierda casa Veis con rojo rejas negras ',7,20.00,0.00,-0.251920,-79.489630,'2019-04-03 21:49:50','2019-04-03 21:49:50',42,0,4,12,12,232),
	(3342,'444',202,72,'2019-03-18','Yaneth mendoza','0981112729',NULL,NULL,'Cooperativa heriberto maldonado','Mnz 10 casa 24',NULL,NULL,'Gloria','0987627455','Gloria','0987627455','2019-04-03','Casa verde al lado lote vasio frente arreglan neveras',7,20.00,0.00,-0.239695,-79.199008,'2019-04-03 22:08:18','2019-04-03 22:08:18',42,0,4,12,12,32),
	(3352,'363',132,252,'2019-03-16','Erika Bermúdez','0986321622',NULL,NULL,'Kilometro 40 ','Parriquia cuatro d diciembre ',NULL,NULL,'Rita artiaga ','0991075320','X','0','2019-04-28','Frente al registro parroquial ciber internet ',2,50.00,0.00,-0.252132,-79.486982,'2019-04-03 22:08:22','2019-04-03 22:08:22',172,0,4,12,12,232),
	(3362,'330',202,72,'2019-03-15','Maricela cedeño','0959752577',NULL,NULL,'B ciudad verde','Mz 74 # 9',NULL,NULL,'Jorge vega','0959284921','Jorge','0995555555','2019-04-09',NULL,7,20.00,0.00,-0.283584,-79.178700,'2019-04-03 22:11:40','2019-04-08 16:14:10',192,0,4,12,12,32),
	(3372,'445',202,72,'2019-04-03','Denis guadalupe','0968265675',NULL,NULL,'Av cambolla','Heriberto maldonado',NULL,NULL,'Jose martinez','0986503174','Jose','0986503174','2019-04-03','Casa regas negras con blanco alpie av principal',7,20.00,0.00,-0.243405,-79.199692,'2019-04-03 22:16:24','2019-04-03 22:16:24',42,0,4,12,12,32),
	(3382,'338',202,72,'2019-04-03','   Byron Daniel quetama','0981921476',NULL,NULL,'  Calle Nacional Ecuatoriana ','30 de junio',NULL,NULL,'Erika NAranjo','0985071431','Erika NAranjo','0985071431','2019-03-30','Esquina amarilla',7,20.00,0.00,-0.258529,-79.199840,'2019-04-03 22:26:12','2019-04-03 22:26:12',92,0,4,12,12,32),
	(3392,'547',132,252,'2019-03-25','Sandra lopez ','0982943558',NULL,NULL,'Frente estadio la pradera ','Orquidias ',NULL,NULL,'Yanira lopez ','0959466880','X','0','2019-04-25','Frente al estadio la pradera casa al fondo d la calle con árboles afuera tras d la capilla ',7,20.00,0.00,-0.283305,-79.462543,'2019-04-03 22:27:46','2019-04-03 22:27:46',62,0,4,12,12,232),
	(3402,'274',202,72,'2019-04-03','Narcisa loor','0985322475',NULL,NULL,'Calle Valle hermoso','Villa gloria coop 30 de junio',NULL,NULL,'María navarro','0982860435','María Navarro','0982820435','2019-04-03','Casa verde enseguida de casa roja por la avenida bomboli por los semáforos a la vuelta de parada de taxis MANO derecha',7,20.00,0.00,-0.263675,-79.199315,'2019-04-03 22:36:47','2019-04-03 22:36:47',92,0,4,12,12,32),
	(3412,'314',132,252,'2019-03-13','Alicia lopez ','0980181760',NULL,NULL,'Al lado del polideportivo','San Valentín',NULL,NULL,'Angel jaramillo','0959076209','X','0','2019-04-03','Casa esquinera al lado de polideportivo frente a casa roja con rejas negras venta d Luis ',7,20.00,0.00,-0.270555,-79.445531,'2019-04-03 22:39:19','2019-04-03 22:39:19',62,0,4,12,12,232),
	(3422,'312',132,252,'2019-03-12','Johana velez ','0968823404',NULL,NULL,'Entrada verna','Carmence de lucha ',NULL,NULL,'Roberto cornejo ','09855045986','Denis ','09992471072','2019-04-04','Segunda casa color verde a mano derecha ',7,20.00,0.00,-0.270188,-79.446344,'2019-04-03 22:45:53','2019-04-03 22:45:53',162,0,4,12,12,232),
	(3432,'324',202,72,'2019-04-03','Maribel Loja','0980408319',NULL,NULL,'Calle Unión Nacional Ecuatoriana','Coop Villa florida',NULL,NULL,'Jerina aleivar','3704686','Jerina aleivar','37046867','2019-04-08','Cobrar en la calle Carlos Brown con calle Gonzalo Valdivieso frente al estadio de Villa Florida casa color amarillo con verde de dos pisos #303',7,20.00,0.00,-0.266001,-79.197389,'2019-04-03 22:51:38','2019-04-03 22:51:38',102,0,4,12,12,32),
	(3442,'311',132,252,'2019-03-12','Jessica zambrano ','0985283205',NULL,NULL,'Antes donde termina el boquinado ','Carmenza d lucha',NULL,NULL,'X ','0','X','0','2019-04-12','Segundo callejón casa color curuba con café ',7,20.00,0.00,-0.268538,-79.446280,'2019-04-03 22:53:31','2019-04-03 22:53:31',162,0,4,12,12,232),
	(3452,'278 ',202,72,'2019-03-12','María magdalena Obando ','0987071191',NULL,NULL,'Avenida bomboli ','Villa Florida ',NULL,NULL,'Trabajo ','0979846353','Jvvh','8709','2019-04-30','Confecciones maira andrade frente a víveres David casa rosada ',7,20.00,0.00,-0.264163,-79.198175,'2019-04-03 23:00:01','2019-04-03 23:00:01',72,0,4,12,12,32),
	(3462,'280',202,72,'2019-04-03','Fátima Leonor Vera Palacios','0983093244',NULL,NULL,'Calle el Carmen coop Villa Florida','9 de octubre',NULL,NULL,'María Alvarado','0999629682','María Alvarado','0999629682','2019-04-30','Casa rejas blancas',7,20.00,0.00,-0.262732,-79.197727,'2019-04-03 23:06:07','2019-04-03 23:06:07',92,0,4,12,12,32),
	(3472,'275',202,72,'2019-04-03','Miguel zambrano','0986915573',NULL,NULL,'Av bomboli calle buena fe','Villa Florida 9 de octubre',NULL,NULL,'Evelyn morales','0986915573','Evelyn Morales ','0986915573','2019-04-30','Carpintería pared blanca se entra por los semáforos casa de dos pisos blanca aviso taller de cerrajeria',7,20.00,0.00,-0.263526,-79.197145,'2019-04-03 23:13:16','2019-04-03 23:13:16',102,0,4,12,12,32),
	(3482,'339',202,72,'2019-04-03','Diana marcillo','0969787410',NULL,NULL,' Calle la independencia ','30 de junio',NULL,NULL,'Angélica','0994073975','Angélica ','0994073975','2019-04-08','Puerta azul frente cancha ',7,20.00,0.00,-0.262036,-79.199847,'2019-04-03 23:35:04','2019-04-05 15:15:04',92,0,4,12,12,32),
	(3492,'401 ',202,72,'2019-03-15','Jaime cárdenas ','0990999687',NULL,NULL,'Calle Nicaragua ','Ecuador ',NULL,NULL,'Jaime cárdenas ','0993443260','Jvvbk','8085','2019-04-16','Casa color curuba con café rejas negras frente a casa de dos pisos techo grande ',7,20.00,0.00,-0.253684,-79.186727,'2019-04-04 00:21:42','2019-04-04 00:21:42',72,0,4,12,12,32),
	(3502,'401 ',202,72,'2019-03-15','Jaime cárdenas ','0990999687',NULL,NULL,'Calle Nicaragua ','Ecuador ',NULL,NULL,'Jaime cárdenas ','0993443260','Jvvbk','8085','2019-04-16','Casa color curuba con café rejas negras frente a casa de dos pisos techo grande ',7,20.00,0.00,-0.253684,-79.186727,'2019-04-04 00:21:42','2019-04-04 00:21:42',72,0,4,12,12,32),
	(3512,'384',202,72,'2019-04-03','Zambrano bulton','0982689184',NULL,NULL,'Coop Víctor Manuel López','Víctor Manuel López ',NULL,NULL,'Teresa leo ','0960151112','Teresa leo','0960151112','2019-04-15','Calle Manuel Samaniego con calle Venezuela venta de suspiros',7,20.00,0.00,-0.249628,-79.188169,'2019-04-04 00:34:10','2019-04-04 00:34:10',92,0,4,12,12,32),
	(3522,'601',202,72,'2019-03-27','Wilson estrada','099193445','00','000','Pasaje ruben dario','Aldan calderon','00','000','Gustavo casales','0992397491','Patricia medano','0939341415','2019-04-06','Carpinteria.casa zocalo rojo detras av lorena',7,20.00,0.00,-0.256647,-79.154847,'2019-04-04 14:38:09','2019-04-04 14:38:09',42,0,4,12,12,32),
	(3532,'180',202,72,'2019-04-04','Javier ovando','0990444773',NULL,NULL,'Calle markabelly calle de los rios','Bella vista coop municipal ',NULL,NULL,'Adriana','0990444773','Hilda','2761683','2019-04-07','Casa esquina color crema con rosado ',7,20.00,0.00,-0.268581,-79.156810,'2019-04-04 14:51:19','2019-04-04 14:51:19',92,0,4,12,12,32),
	(3542,'643',202,72,'2019-03-28','Patricia medrano','0939341415','0','00','Calle benito juarez con joaquin bal','Galo plaza','0','0','Ana cabeñas','0982626155','Gustavo casales','0992397491','2019-04-08','Casa rosada .trompo de mezclar enla entrada',7,20.00,0.00,-0.259707,-79.158010,'2019-04-04 14:55:48','2019-04-04 14:55:48',42,0,4,12,12,32),
	(3552,'643',202,72,'2019-03-28','Patricia medrano','0939341415','0','00','Calle benito juarez con joaquin bal','Galo plaza','0','0','Ana cabeñas','0982626155','Gustavo casales','0992397491','2019-04-08','Casa rosada .trompo de mezclar enla entrada',7,20.00,0.00,-0.259707,-79.158010,'2019-04-04 14:55:48','2019-04-04 14:55:48',42,0,4,12,12,32),
	(3562,'449',202,72,'2019-03-18','Damaris castrillon','0988268440','0','3','Rosales 2 tienda viveres','Rosales','0','0','Fausto','097985325','0','0','2019-04-10','Tienda esquina gonzalo endara',7,20.00,0.00,-0.247360,-79.186323,'2019-04-04 15:44:50','2019-04-04 15:44:50',182,0,4,12,12,32),
	(3572,'254',202,72,'2019-04-04','Michelle padilla','0991930643',NULL,NULL,'Sueño de bolívar ','Sueño de bolívar ',NULL,NULL,'Alexandra padilla ','0997600273','Alexandra ','0959008942','2019-04-05','Casa en obra gris al fondo casa interior rosada diagonal lote de la curia frente a casa azul y lote baldío ',7,20.00,0.00,-0.223528,-79.155923,'2019-04-04 15:57:00','2019-04-04 15:57:00',92,0,4,12,12,32),
	(3582,'256',202,72,'2019-04-04','Lorena salazar ','0999315354',NULL,NULL,'Sueño de bolívar ','Sueño de bolívar ',NULL,NULL,'Lina pinargote','09917442287','Lina','09917442287','2019-04-07',NULL,7,20.00,0.00,-0.223029,-79.156751,'2019-04-04 16:03:11','2019-04-04 16:03:11',102,0,4,12,12,32),
	(3592,'683',132,252,'2019-03-30','Evelyn murillo','09313489252',NULL,NULL,'Puerto de oro ','Puerto de oro casa morada ',NULL,NULL,'Carmen zambrano','0968692147','Tt','55','2019-04-15','Al frente letrero pichincha',7,20.00,0.00,-0.263482,-79.417729,'2019-04-04 16:08:25','2019-04-04 16:08:25',132,0,4,12,12,232),
	(3602,'663',132,252,'2019-03-30','Keiner caicedo','0959932285',NULL,NULL,'Av puerto de oro al derecha voltea','Rancho ronal',NULL,NULL,'Virginia bazurto','0968332280','Gg','33','2019-04-22','Voltea por casa verde ... izquierda destapada  asa portón rojo. Cafe',2,50.00,0.00,-0.262241,-79.416797,'2019-04-04 16:19:04','2019-04-04 16:19:04',142,0,4,12,12,232),
	(3612,'686',132,252,'2019-03-30','Edith santana','0997490308',NULL,NULL,'1 entrda a la derecha antes del let','Rancho ronal',NULL,NULL,'Hh','33','Yy','33','2019-04-15','Antes de letrero Pichincha.  Destapada derecha y luego izquierda.. Casa esterilla ',7,20.00,0.00,-0.263278,-79.417321,'2019-04-04 16:26:20','2019-04-04 16:26:20',192,0,4,12,12,232),
	(3622,'684',132,252,'2019-03-30','Carmen zambrado','0968692147',NULL,NULL,'Av principal al frente letrero pich','Rancho ronald',NULL,NULL,'Leonardo ','0939171724','Hh','33','2019-04-15','Frente letrero Pichincha casa naranja',7,20.00,0.00,-0.263246,-79.417388,'2019-04-04 16:29:45','2019-04-04 16:29:45',132,0,4,12,12,232),
	(3632,'542',202,72,'2019-03-25','Yenifer cordero','0960627072','0','0','Coop 15 septiembre','15 de septiembre','0','0','Lili cordero','0199169782','Lili','099196982','2019-04-25','Cop.15 de septiembre.av corto jaramillocalle principal frente a peluqueria al lado casa verde',7,20.00,0.00,-0.271138,-79.206043,'2019-04-04 17:11:04','2019-04-04 17:11:04',132,0,4,12,12,32),
	(3642,'087',202,72,'2019-04-04','Carmen garzon ','0989833143',NULL,NULL,'2 de mayo','2 de mayo',NULL,NULL,'Carmen jimenez','0994364628','Carmen jimenez','0994364628','2019-04-08','Va ta de plátanos esquina',7,20.00,0.00,-0.233869,-79.181617,'2019-04-04 17:13:49','2019-04-04 17:13:49',112,0,4,12,12,32),
	(3652,'534',132,252,'2019-03-25','Carlos olmedo','0997110660',NULL,NULL,'Parque principal carmen','Centro',NULL,NULL,'Bb','66','Tt','55','2019-04-16','Frente de la Iglesia vende agua de coco',12,10.00,0.00,-0.273136,-79.461887,'2019-04-04 17:23:47','2019-04-04 17:23:47',192,0,3,12,12,232),
	(3662,'365',132,252,'2019-03-16','Alberto zambrano','0985035722',NULL,NULL,'Casa abajo de la destapada como fin','Lotizacion el rocio',NULL,NULL,'Danny solorzano','0997889427','Tt','33','2019-04-08','En el punto a mano derecha abajo casa con Matas de platano',7,20.00,0.00,-0.262575,-79.474444,'2019-04-04 17:45:54','2019-04-04 17:45:54',142,0,4,12,12,232),
	(3672,'2000',132,252,'2019-04-04','Yesica moreira ','0991671296',NULL,NULL,'Aloy alfaro','Jaime rol 2',NULL,NULL,'Mayerli mesa ','022172322','X','0','2019-05-04','Casa esquinera frente al billar casa en revoque ',7,20.00,0.00,-0.146224,-79.396000,'2019-04-04 17:54:18','2019-04-04 17:54:18',162,0,4,12,12,232),
	(3682,'2000',132,252,'2019-04-04','Yesica moreira ','0991671296',NULL,NULL,'Aloy alfaro','Jaime rol 2',NULL,NULL,'Mayerli mesa ','022172322','X','0','2019-05-04','Casa esquinera frente al billar casa en revoque ',7,20.00,0.00,-0.146224,-79.396000,'2019-04-04 17:54:18','2019-04-04 17:54:18',162,0,4,12,12,232),
	(3692,'2000',132,252,'2019-04-04','Yesica moreira ','0991671296',NULL,NULL,'Aloy alfaro','Jaime rol 2',NULL,NULL,'Mayerli mesa ','022172322','X','0','2019-05-04','Casa esquinera frente al billar casa en revoque ',7,20.00,0.00,-0.146224,-79.396000,'2019-04-04 17:54:18','2019-04-04 17:54:18',162,0,4,12,12,232),
	(3702,'284',202,72,'2019-03-12','Irma  gavilanes','0984721647',NULL,NULL,'Av. Colazacon con colonos','Coop. Jorge magual',NULL,NULL,'Irma','2710826',',pedri','268762','2019-05-04',NULL,7,20.00,40.00,-0.240448,-79.184530,'2019-04-04 18:04:36','2019-04-05 12:19:37',112,0,4,12,12,32),
	(3712,'600',202,72,'2019-04-04','Yolanda bello','0991908741',NULL,NULL,'Av anturios ','Macadame',NULL,NULL,'Anacobeñas ','0982626155','Ana cobeña','0982626155','2019-04-11','Restaurante yolita alpie puente',14,10.00,0.00,-0.281932,-79.199633,'2019-04-04 18:12:26','2019-04-04 18:12:26',42,0,3,12,12,32),
	(3722,'119',202,72,'2019-04-04','María condoy','3786604',NULL,NULL,'Calle jorge matta con cll rufino ','Jorge magual ',NULL,NULL,'Luis condoy','3786604','Luis condoy','3786604','2019-04-05','Casa gris puerta Negra ',7,20.00,0.00,-0.238728,-79.180352,'2019-04-04 18:18:52','2019-04-04 18:18:52',92,0,4,12,12,32),
	(3732,'503',132,252,'2019-03-22','Jimson bravo','0989415727',NULL,NULL,'Panadería al frente de minimarket','Kilómetro 40',NULL,NULL,'H','3','H','6','2019-04-13',NULL,6,20.00,0.00,-0.250336,-79.488429,'2019-04-04 18:47:07','2019-04-04 18:47:07',192,0,4,12,12,232),
	(3742,'575',202,72,'2019-03-26','Lourdes chele','0986546020','0','0','Coperativo alejandro','Monte d oca santa rosa','0','0','Kleber moreira','0994825556','Kleber','0994825556','2019-04-09','Diagonal a gran casa color gris primera cuadra pasando el puente a mano izquierda',7,20.00,0.00,-0.278907,-79.201430,'2019-04-04 18:50:22','2019-04-04 18:50:22',132,0,4,12,12,32),
	(3752,'505',132,252,'2019-03-22','Traen la murillo','0999671175',NULL,NULL,'Tienda al frente de registro civil','Las azucenas',NULL,NULL,'Hh','33','Tt','6','2019-04-22',NULL,1,90.00,0.00,-0.252353,-79.486941,'2019-04-04 19:01:13','2019-04-04 19:01:13',192,0,4,12,12,232),
	(3762,'504',132,252,'2019-03-22','Carmen maria','0990559449',NULL,NULL,'Diagonal a registraduria','Las azucenas',NULL,NULL,'Hh','22','Tt','55','2019-04-22','Casa color verde claro con Matas atras',7,20.00,0.00,-0.252133,-79.486346,'2019-04-04 19:06:37','2019-04-04 19:06:37',192,0,4,12,12,232),
	(3772,'574',202,72,'2019-03-26','Antonia sivaya','3740595','0','0','Coperativo alejandro','Montes z oca','0','0','Carmen cebollo','3711725','Carmen','37117251','2019-04-09','Casa verde lado d casa blanca esquinera ala derecha d minimarket',14,10.00,0.00,-0.282143,-79.201113,'2019-04-04 19:11:44','2019-04-04 19:11:44',132,0,3,12,12,32),
	(3782,'205',202,72,'2019-04-04','Yessenia ortiz','0981894996',NULL,NULL,'Calle león donoso ','Los rosales ',NULL,NULL,'Adriana leon','0961950936','Adriana león ','0961950936','2019-04-12','Casa color amarilla con azul diagonal parroquia la dolorosa ',7,20.00,0.00,-0.241260,-79.182020,'2019-04-04 19:14:51','2019-04-04 19:14:51',92,0,4,12,12,32),
	(3792,'475',132,252,'2019-03-21','Gema pinergote','0990171553',NULL,NULL,'Bajando iglesia de la Virgen  del ','Los tulipanes',NULL,NULL,'Narcisa','09907170334','H','55','2019-04-25','Casa amarilla garaje cafe',4,25.00,0.00,-0.270014,-79.469847,'2019-04-04 19:49:32','2019-04-04 19:49:32',142,0,4,12,12,232),
	(3802,'483',132,252,'2019-03-20','Laura Maritza velez','0981724746',NULL,NULL,'Abajo de la cancha','17 de diciembre',NULL,NULL,'Hh','33','Uu','33','2019-05-02','Al frente de la escuelas puesta cafe',7,20.00,0.00,-0.273075,-79.468715,'2019-04-04 19:49:32','2019-04-04 19:49:32',192,0,4,12,12,232),
	(3812,'482',132,252,'2019-03-20','Darwin diaz','52661074','Carmen vinces','0993596272','Av esperanza y monte cristo','Naranjal',NULL,NULL,'H','2','Y','6','2019-04-10','Tienda y papelería amigos.com',12,10.00,0.00,-0.275324,-79.468954,'2019-04-04 19:52:38','2019-04-04 19:52:38',192,0,2,12,12,232),
	(3822,'490',202,72,'2019-04-04','Angie zambrAno ','0991737291',NULL,NULL,'Coop 15 de setiembre ','Virgen del cisne ',NULL,NULL,'Fernanda verduga','0939301387','Fernanda verduga','0839301387','2019-04-18','Casa Obr gris al fondo por la cuadra del escudo del Barcelona ',14,10.00,0.00,-0.276076,-79.208544,'2019-04-04 19:59:59','2019-04-04 19:59:59',92,0,4,12,12,32),
	(3832,'484',132,252,'2019-03-20','Artemio contreras','6','Martha','097153428','Calle a casa 2uadras de l torre','Sanantonio',NULL,NULL,'Hh','2','H','3','2019-05-05','Casa 1 piso color. Banco',7,20.00,0.00,-0.277316,-79.470828,'2019-04-04 20:13:28','2019-04-04 20:13:28',192,0,4,12,12,232),
	(3842,'484',132,252,'2019-03-20','Artemio contreras','6','Martha itriago','0997153425','Calle a  dos cuadras de la torre','San antonio',NULL,NULL,'Hh','33','H','3','2019-05-07','Casa Blanca 1 piso',7,20.00,0.00,-0.277240,-79.470858,'2019-04-04 20:16:46','2019-04-04 20:16:46',192,0,4,12,12,232),
	(3852,'471',132,252,'2019-03-21','Carmen zambrano','1306150317',NULL,NULL,'Avenida novia por atras','San antonio',NULL,NULL,'Hh','0993542660','Tt','22','2019-04-05','Detrás del altar de santos',7,20.00,0.00,-0.279689,-79.471037,'2019-04-04 20:20:47','2019-04-05 12:40:10',132,1,4,12,12,232),
	(3862,'470',132,252,'2019-03-21','Dian  zambrano ','1310573124',NULL,NULL,'Dos cuadras empacadora novoa','Guerta  familiar',NULL,NULL,'Ismeldo ferrin','05661570','J','33','2019-04-06','A mano derecha destapada casa repellada rejas guadua',7,20.00,0.00,-0.283283,-79.470439,'2019-04-04 20:56:09','2019-04-04 20:56:09',132,0,4,12,12,232),
	(3872,'416',202,72,'2019-03-18','Teresa teran','3710882','0','0','Tienda bajada hacia parque','Rosales 2 etapa','0','0','Yaneli','098659632','0','000','2019-04-05','Rosales 2 etapa tienda bajada asia parque bomboli ',8,10.00,0.00,-0.248418,-79.185820,'2019-04-04 21:15:19','2019-04-04 21:15:19',122,0,3,12,12,32),
	(3882,'2001',132,252,'2019-04-04','Carla vaquero duran ','0939573464',NULL,NULL,'Calle juan montalvo ','Jaimen rondon',NULL,NULL,'Ivon bravo ','0961472460','Gloria erazo ','0990160047','2019-04-20','Casa de dos pisos celeste frente ala escuela ventanal negro enrrejada casa al lado rosada al lado del caño ',7,20.00,0.00,-0.146412,-79.394307,'2019-04-04 21:20:04','2019-04-04 21:20:04',152,0,4,12,12,232),
	(3912,'367',132,252,'2019-03-16','Jacob jordon','0981801377',NULL,NULL,'Quito y Junín detrás del hospital','Paraiso',NULL,NULL,'Lucía  ','0969419216','Y','66','2019-04-06',' CAsa verdes rejas negras',7,20.00,0.00,-0.277736,-79.467107,'2019-04-04 22:13:46','2019-04-04 22:13:46',142,0,4,12,12,232),
	(3922,'548',132,252,'2019-03-25','Daniel vera','0969445474',NULL,NULL,'Av 3 de julio y latacunga','Santa Isabela ',NULL,NULL,'Hh66','225','9t5','3','2019-04-15','Casa verde claro rejas negras',7,20.00,0.00,-0.277151,-79.460006,'2019-04-04 22:37:17','2019-04-04 22:37:17',192,0,4,12,12,232),
	(3932,'323',132,252,'2019-03-13','Sandra ceballos','0994040116',NULL,NULL,'Av 3 de julio bajando a mano derech','Jesús del gran poder',NULL,NULL,'Juan','0969218747','T55y','332','2019-04-03','Después del puente blanco portón negro ',7,20.00,0.00,-0.270801,-79.449135,'2019-04-04 22:58:41','2019-04-04 22:58:41',132,0,4,12,12,232),
	(3942,'268',132,252,'2019-03-20','Bella alaba','3','Diosa umiña',NULL,'Calle al frente de bicimotos ','Centro',NULL,NULL,'J','6','T6','37','2019-04-08','Bajar por el almacén el albolito 1 cuadra al frente de salón de belleza yarcaris',7,20.00,0.00,-0.271840,-79.464148,'2019-04-04 23:20:38','2019-04-04 23:20:38',192,0,4,12,12,232),
	(3952,'385',202,72,'2019-03-30','Pedro bowen','0997798400',NULL,NULL,'Cll costa rica ','Barrio ecuador',NULL,NULL,'Jonathan castillo','0939353733','Jonathan','093347785','2019-04-07',NULL,7,20.00,0.00,-0.252603,-79.185348,'2019-04-04 23:23:17','2019-04-04 23:23:17',92,0,4,12,12,32),
	(3962,'366',132,252,'2019-03-16','Ana memdieta','0985008280',NULL,NULL,'Entrada pavimentada  al frente rest','Rancho ronal','Entrada paimentada al frente restau',NULL,'Gema ','0982544681','T','22','2019-04-15','Restaurante marita entra y adelante mano izquierdo destapada al fondo última casa',7,20.00,0.00,-0.262322,-79.417067,'2019-04-05 00:08:49','2019-04-05 00:08:49',142,0,4,12,12,232),
	(3982,'519',202,72,'2019-03-22','Veronica arteaga','0939755794','00','00','Calle 1 y 2 pasando la libreria ','Porton','0','0','Veronica','0939755794','00','00','2019-04-06','Calle 1 y 2 beis frent ala tienda x separador a una cuadra dela libreria',14,10.00,0.00,-0.239300,-79.191732,'2019-04-05 00:26:10','2019-04-05 00:26:10',62,0,3,12,12,32),
	(3992,'645',202,72,'2019-03-28','Graciela gomez','0964155939','0','0','Clle pablo neruda y joaquin valague','Nvo santo domingo','0','0','Yaneli luna','0986301632','Lourde velasco','0999089908','2019-04-01','Calle pablo neruda bajando primera cuadra sera derecha 5 casa porton blanco',7,20.00,0.00,-0.260172,-79.159167,'2019-04-05 00:30:04','2019-04-05 00:30:04',62,0,4,12,12,32),
	(4002,'645',202,72,'2019-03-28','Graciela gomez','0964155939','0','0','Clle pablo neruda y joaquin valague','Nvo santo domingo','0','0','Yaneli luna','0986301632','Lourde velasco','0999089908','2019-04-01','Calle pablo neruda bajando primera cuadra sera derecha 5 casa porton blanco',7,20.00,0.00,-0.259872,-79.159413,'2019-04-05 00:30:10','2019-04-05 00:30:10',62,0,4,12,12,32),
	(4012,'647',202,72,'2019-03-28','Genesis mendoza','022748041','0','0','Calle pablo neruda x lavadero','Nvo santo domingo','0','0','Maribel colomo','0958833925','0','0','2019-04-12','Casa naranjada rejas blancas x lubricento cholito ',7,20.00,0.00,-0.258802,-79.159203,'2019-04-05 00:49:44','2019-04-05 00:49:44',132,0,4,12,12,32),
	(4022,'677',132,252,'2019-03-30','Wellington chavarria ','0968241126',NULL,NULL,'La puerta de oro ','Avenida el carmen ',NULL,NULL,'Angel chavarria ','0986245450','Dolores ','0992138296','2019-04-15','Vulcanizadora a la orilla de la carretera ',14,10.00,0.00,-0.263203,-79.416562,'2019-04-05 15:20:43','2019-04-05 15:20:43',52,0,3,12,12,32),
	(4032,'664',132,252,'2019-04-15','Javier velez','0999755753',NULL,NULL,'Por el la una mano izquierda ','Rancho ronal',NULL,NULL,'Imelda','0997557533','T','6','2019-04-15','Casa esterilla',7,20.00,0.00,-0.260350,-79.416934,'2019-04-05 15:32:04','2019-04-05 15:32:04',242,0,4,12,12,232),
	(4042,'321',132,252,'2019-03-13','Maria verdugo','0988856052',NULL,NULL,'Barrio San Valentín','San Valentín',NULL,NULL,'Rita ganchoso','0989504863','Esperanza mantilla','0967545477','2019-04-16','Casa en bloque gris bajando de canelo Sport',14,10.00,0.00,-0.270553,-79.445662,'2019-04-05 15:36:23','2019-04-05 15:36:23',52,0,3,12,12,232),
	(4052,'552',132,252,'2019-03-25','Ketty ureta','0967084877',NULL,NULL,'Lotizacion el rey 2','lotización el Rey 2',NULL,NULL,'Gisella Valencia','0981931568','Richard loor','0980251899','2019-04-15','Casa en obra gris\n plataneras',14,10.00,0.00,-0.283529,-79.462017,'2019-04-05 16:12:15','2019-04-05 16:12:15',52,0,3,12,12,232),
	(4062,'551',132,252,'2019-03-25','Mercy victoria Quintero','0959820316',NULL,NULL,'lotización el Rey','Lotizacion el rey',NULL,NULL,'Victor Quintero','0969566108','Angel salvalier','0980972127','2019-04-12','Casa color verde frente lote de platanera ',14,10.00,0.00,-0.282244,-79.461486,'2019-04-05 16:18:22','2019-04-05 16:18:22',52,0,3,12,12,232),
	(4072,'249',132,252,'2019-03-08','Eduardo cedeño','0980026231',NULL,NULL,'Av chone frente al parque','Centro',NULL,NULL,'Darío cedeño','0980191164','Jj','33','2019-04-15','Farmacia economícas toldo azul',7,20.00,0.00,-0.272303,-79.461951,'2019-04-05 16:20:33','2019-04-05 16:20:33',162,0,4,12,12,232),
	(4082,'247',132,252,'2019-03-08','Mario bermudez','0994586525',NULL,NULL,'Calle Astudillo via al mercado','Centro',NULL,'Pan carrito pan ','Jessica solorzano','0990411455','Tt','33','2019-04-08',NULL,7,20.00,0.00,-0.273587,-79.463636,'2019-04-05 16:29:31','2019-04-05 16:29:31',192,0,4,12,12,232),
	(4092,'253',202,72,'2019-03-20','Ruth valverde','0981586340',NULL,NULL,'Sueños de bolivar','Sueño de bolivar',NULL,NULL,'Zaira rodrivuez','0969834830','Zaira','096834830','2019-04-20',NULL,14,10.00,60.00,-0.224733,-79.159176,'2019-04-05 16:30:14','2019-04-08 02:09:20',92,0,3,12,12,32),
	(4102,'550',132,252,'2019-03-25','Genoveva Mendoza','0986105167',NULL,NULL,'Calle garcia moreno con av barreto','Manabi libre',NULL,NULL,'Javier bravo','0981243504','Javier bravo','0981243504','2019-04-05','Casa azul en.esterilla\n',14,10.00,0.00,-0.283479,-79.458389,'2019-04-05 16:32:21','2019-04-05 16:32:21',52,0,3,12,12,232),
	(4112,'020',202,72,'2019-03-05','Priscila gilvana garces','0981731063',NULL,NULL,'Brisas del colorado 2','Brisas',NULL,NULL,'Giovany naula','0962526866','Angela','0939866409','2019-04-12',NULL,28,5.00,5.00,-0.229829,-79.170617,'2019-04-05 16:46:18','2019-04-08 01:58:56',242,0,2,12,12,32),
	(4122,'607',132,252,'2019-03-27','Katy yomaira hermandez','0989897277',NULL,NULL,'Calle rocafuerte calle 3 julio','Las vegas',NULL,NULL,'Nury vera ','0985750815','Nury vera','0985750815','2019-04-10','Casa color blanco de dos pisos segundo piso en.obra gris puerta cafe ',7,20.00,0.00,-0.277580,-79.461788,'2019-04-05 16:54:05','2019-04-05 16:54:05',92,0,4,12,12,232),
	(4132,'021',202,72,'2019-03-05','Zaida zambrano','0980869473brisas colora',NULL,NULL,'Brisas colorado 2','Brisas 2',NULL,NULL,'Jose luu zambrAno 098','0960869473','Jose','09999999914','2019-04-05',NULL,14,10.00,0.00,-0.229563,-79.170682,'2019-04-05 16:54:38','2019-04-05 16:54:38',242,0,3,12,12,32),
	(4142,'608',202,72,'2019-03-27','Mariela acostá ','0960971483',NULL,NULL,'Calle Vicente roca fuerte y 3 julio','Las vegas ',NULL,NULL,'Katy yo maira ','0989897277','Hggjj','5778','2019-04-10','Casa blanca puerta de madera frente casa obra gris ',7,20.00,0.00,-0.277547,-79.461685,'2019-04-05 16:55:25','2019-04-05 16:55:25',92,0,4,12,12,232),
	(4152,'557',132,252,'2019-03-25','María castillo','0967180309',NULL,NULL,'3 calle portón cafe','Lotizacion triago',NULL,NULL,'Isabel castillo','0990348326','Jj','33','2019-05-05','Garaje izquierda',7,20.00,0.00,-0.282035,-79.461850,'2019-04-05 17:02:08','2019-04-05 17:02:08',172,0,4,12,12,232),
	(4162,'090',202,72,'2019-02-27','Narciza navarrete','0990808555',NULL,NULL,'Ucom2','Ucom2',NULL,NULL,'Martha mena','3760463','Martva','3756667','2019-04-05',NULL,28,5.00,0.00,-0.230598,-79.174599,'2019-04-05 17:07:57','2019-04-05 17:07:57',242,0,2,12,12,32),
	(4172,'612',132,252,'2019-03-26','Juana trinidad','5',NULL,NULL,'Calle Carlos alberto',' Las vegas',NULL,NULL,'Gg','66','Y','22','2019-04-06','X la Universidad  laica Casa azul 1 piso ',7,20.00,0.00,-0.278492,-79.462588,'2019-04-05 17:19:13','2019-04-05 17:19:13',172,0,4,12,12,232),
	(4182,'612',132,252,'2019-03-26','Juana trinidad','5',NULL,NULL,'Calle Carlos alberto',' Las vegas',NULL,NULL,'Gg','66','Y','22','2019-04-06','X la Universidad  laica Casa azul 1 piso ',7,20.00,0.00,-0.278574,-79.462557,'2019-04-05 17:35:38','2019-04-05 17:35:38',172,0,4,12,12,232),
	(4192,'610',132,252,'2019-03-27','Ither mendoza','0983954219',NULL,NULL,'Calle Vicente Roca can av 3 julio b','Las vegas',NULL,NULL,'Bemilda ','0990369101','Tt','22','2019-04-15','Casa 2 pisos palo de almendro',7,20.00,0.00,-0.278100,-79.461544,'2019-04-05 17:40:18','2019-04-05 17:40:18',112,0,4,12,12,232),
	(4202,'606',202,72,'2019-03-27','Alitio Zambrano','0993636754',NULL,NULL,'Calle 18 octubre ','Santa isabel ',NULL,NULL,'Carmen mejia','0988795725','Carmen mejia ','0988795725','2019-04-10','Frente a iglesia biblica bautista  casa color azul celeste \n',7,20.00,0.00,-0.276105,-79.459513,'2019-04-05 17:42:03','2019-04-05 17:42:03',102,0,4,12,12,232),
	(4212,'606',202,72,'2019-03-27','Alitio Zambrano','0993636754',NULL,NULL,'Calle 18 octubre ','Santa isabel ',NULL,NULL,'Carmen mejia','0988795725','Carmen mejia ','0988795725','2019-04-10','Frente a iglesia biblica bautista  casa color azul celeste \n',7,20.00,0.00,-0.276105,-79.459513,'2019-04-05 17:42:04','2019-04-05 17:42:04',102,0,4,12,12,232),
	(4222,'613',132,252,'2019-03-26','Carmen balberan','0959163249',NULL,NULL,'Av 18 octubre casa en repello','Las vegas',NULL,NULL,'Rosa','0989697085','Ty','3','2019-04-06','1 piso puerta madera',7,20.00,0.00,-0.276087,-79.462014,'2019-04-05 17:47:06','2019-04-05 17:47:06',172,0,4,12,12,232),
	(4232,'306',132,252,'2019-03-11','Flora Mercedes Moreira Vera','0990317645',NULL,NULL,'Barrio sAnta rosa','Santa rosa',NULL,NULL,'Maribel mejia','0982757329','Maribel Mejía','0982757329','2019-05-05','Casa blanca grande esquina frente a la cancha ',7,20.00,0.00,-0.267867,-79.468680,'2019-04-05 17:57:05','2019-04-05 17:57:05',102,0,4,12,12,232),
	(4242,'307',202,72,'2019-03-11','Jaime velez','0959182051','','','Calle laureles','Elinfa','','','Genesis León','0961254692','Genesis León','0961254692','2019-04-06','Casa verde ',7,20.00,0.00,-0.268860,-79.469218,'2019-04-05 18:04:16','2019-04-06 00:22:33',92,0,4,12,12,232),
	(4252,'452',132,252,'2019-03-21','Saúl Santana','0980792971',NULL,NULL,'Av la Esperanza ','Lotizacion Silva',NULL,NULL,'Sonia santana ','0969287132','Erika santana','0986677567','2019-04-12','Casa esquina blanca cerca guadua o esterilla\n',14,10.00,0.00,-0.282454,-79.469563,'2019-04-05 18:44:04','2019-04-05 18:44:04',52,0,3,12,12,232),
	(4262,'529',132,252,'2019-03-21','Josefa margarita','0988842270',NULL,NULL,'Av 3 julio abajo falta dos cuadras ',' Santa Teresita de bomberos',NULL,NULL,'Marbuen pitos','0989256580','Tt66','337','2019-04-06','Casa 2 pisos de ladrillo portón verde',7,20.00,0.00,-0.282267,-79.467806,'2019-04-05 18:56:45','2019-04-05 18:56:45',112,0,4,12,12,232),
	(4272,'593',132,252,'2019-03-26','Deisi moreno','0987780629',NULL,NULL,'Carmen loor pasaje 1','Atenas 3',NULL,NULL,'Y','33','Tt','33','2019-04-04','Venta de fritos  enseguida de un lote',7,20.00,0.00,-0.278051,-79.449841,'2019-04-05 19:07:57','2019-04-05 19:07:57',242,0,4,12,12,232),
	(4282,'226',132,252,'2019-03-09','María victoria mancayo','0988033421',NULL,NULL,'Callejón la escuela','Santa martha',NULL,NULL,'Ana maria','0984396609','Tt','22','2019-04-01','2 pisos columnas empezadas  afuera',7,20.00,0.00,-0.262654,-79.469697,'2019-04-05 19:35:58','2019-04-05 19:35:58',112,0,4,12,12,232),
	(4292,'419',132,252,'2019-03-19','Juan Ernesto ','0960752915',NULL,NULL,'Frente carpintería ','Unión popular',NULL,NULL,'Ernesto caza','0959942234','Tt','33','2019-04-06','Letrero se vende lápidas y cruces al lado de la tienda Dianita.  Al frente de la gallera',7,20.00,0.00,-0.260429,-79.476758,'2019-04-05 19:51:00','2019-04-05 19:58:38',132,0,4,12,12,232),
	(4302,'591',132,252,'2019-03-26','Carmen macias','0989082933','','','Frente cementerio','Unión popular','','','Estanli mendoza','0989076146','Tt','33','2019-04-26','Cerco de caña obra gris',7,20.00,0.00,-0.264323,-79.478425,'2019-04-05 20:04:20','2019-04-05 20:08:52',62,0,4,12,12,232),
	(4312,'2007',202,72,'2019-04-05','Diana chavez','0984468002','0','0','Restaurant dianita avenida','Santa marta','0','0','Segundo caiza','0985297985','Jenny castañeda','0960400891','2019-04-20','Restaurant dianita calle jacinto cortes.enseguida lavanderia rosita',7,20.00,0.00,-0.268668,-79.182440,'2019-04-05 20:16:07','2019-04-05 20:16:07',162,0,4,12,12,32),
	(4322,'2008',202,72,'2019-04-05','Guillermo perez','3760119','0','0','Av principal vidrieria ','Coperativa juan eulogio','0','0','Jeison coronel','0985294923','Jeison','0985294923','2019-05-05','Av principal vidrieria diagonal al parque coope.juan eulogio',2,50.00,0.00,-0.268542,-79.179453,'2019-04-05 20:28:30','2019-04-05 20:28:30',192,0,4,12,12,32),
	(4332,'2008',202,72,'2019-04-05','Guillermo perez','3760119','0','0','Av principal vidrieria ','Coperativa juan eulogio','0','0','Jeison coronel','0985294923','Jeison','0985294923','2019-05-05','Av principal vidrieria diagonal al parque coope.juan eulogio',2,50.00,0.00,-0.268542,-79.179453,'2019-04-05 20:28:31','2019-04-05 20:28:31',192,0,4,12,12,32),
	(4342,'517',132,252,'2019-03-27','Amelia montesdioca','0982810947',NULL,NULL,'Diagonal cancha multiple casa ','Gran chaparral',NULL,NULL,'Tania','0969116740','Jj','33','2019-04-06','Casa color curuba',7,20.00,0.00,-0.252796,-79.490664,'2019-04-05 20:30:36','2019-04-05 20:30:36',52,0,4,12,12,232),
	(4352,'1009',202,72,'2019-04-05','Elvi garcia','0990458510',NULL,NULL,'Av begamin Codazzi con calle gorge ','Santa martha ',NULL,NULL,'Barbara Hurtado ','0989655494','Barbara urtado','0989655494','2019-04-12','Lavadero romero esquina llamar primero',28,5.00,0.00,-0.270110,-79.181779,'2019-04-05 20:54:49','2019-04-05 20:54:49',42,0,2,12,12,32),
	(4362,'523',132,252,'2019-03-30','Mercedes muñoz','0999164747',NULL,NULL,'Una cuadra de la cancha destapada','Gran chaparral',NULL,NULL,'Verónica 0983695126','0983695126','Yy','33','2019-04-10','Hacia la vereda casa 1 piso puerta madera techo d3 plastico',7,20.00,0.00,-0.252392,-79.491769,'2019-04-05 20:54:58','2019-04-05 20:54:58',52,0,4,12,12,232),
	(4372,'2010',202,72,'2019-04-05','Maria jumbo','0967133084','0','0','Coperativa santamarta sector2','Santa rosa','0','0','Kate sanchez','3706903','0','0','2019-04-21','Calle jose rumanzo y maria egas.av jacinto cortes entrada x cnt casa amarilla',7,20.00,0.00,-0.265907,-79.184637,'2019-04-05 20:56:39','2019-04-05 20:56:39',102,0,4,12,12,32),
	(4382,'2010',202,72,'2019-04-05','Maria jumbo','0967133084','0','0','Coperativa santamarta sector2','Santa rosa','0','0','Kate sanchez','3706903','0','0','2019-04-21','Calle jose rumanzo y maria egas.av jacinto cortes entrada x cnt casa amarilla',7,20.00,0.00,-0.265907,-79.184637,'2019-04-05 20:56:39','2019-04-05 20:56:39',102,0,4,12,12,32),
	(4392,'2003',132,252,'2019-04-04','Isabel murillo','0959170690',NULL,NULL,'Calle 16 de agosto principal ','Dario canllar',NULL,NULL,'Yolanda rengibo ','0979524426','Nayeli olivo ','0985836735','2019-05-04','Vas verde esquinera con beish rejas blancas puerta de madera l lado de Fernando estudios',4,25.00,0.00,-0.146636,-79.399091,'2019-04-05 21:13:50','2019-04-05 21:13:50',62,0,4,12,12,232),
	(4402,'2001',132,252,'2019-04-04','Jose Grimaldo alaba velez ','0979454153',NULL,NULL,'Calle jaimen roldon y simon bolivar','Jaimen rondon ',NULL,NULL,'Jose baldimir ','09694554770','Katy zambrano','022172190','2019-04-20','Casa esquinera enrramada de guaduas matas de plátano bajada cabañas de descanzo',7,20.00,0.00,-0.145591,-79.398003,'2019-04-05 21:13:51','2019-04-05 21:13:51',62,0,4,12,12,232),
	(4412,'2004',132,252,'2019-04-04','Javier chica','0981604430',NULL,NULL,'Casa numero 802 ','Avenida eloy alfaro ',NULL,NULL,'Gabriela valencia ,','0992250189','Onlina vera','0990014961','2019-04-18','Casa color verde con gris esquinera ',14,10.00,0.00,-0.146031,-79.398456,'2019-04-05 21:13:51','2019-04-05 21:13:51',52,0,3,12,12,232),
	(4422,'450',132,252,'2019-03-19','Miriam santos','0985707017',NULL,NULL,'Por seguro social','El rocio',NULL,NULL,'Lilia santos','33','Yy77','33','2019-04-20','Casa portón rojo',7,20.00,0.00,-0.263494,-79.476309,'2019-04-05 21:33:55','2019-04-05 21:33:55',112,0,4,12,12,232),
	(4432,'2011',202,72,'2019-04-05','Gladys imbo cuan','0998570818','0','0','Av incas rejas negras tienda','Santamarta','0','0','Oscar','0959928801','Gladys imbacuan','0998570818','2019-04-18','Cobrar en la casa calle aurora municipal 2 camara esquinera 2casa a mano izquierda casa amarilla porton blanco',14,10.00,0.00,-0.262948,-79.181133,'2019-04-05 21:45:58','2019-04-05 21:45:58',132,0,3,12,12,32),
	(4442,'554',132,252,'2019-03-25','Lorena rojas','0967157414',NULL,NULL,'La esquina del celular ','Centro',NULL,NULL,'Cristian santaus','0986868139','Hh66','3337','2019-04-10','Puesto de celular enseguida panadería donde se almorzaba',7,20.00,0.00,-0.272078,-79.462734,'2019-04-05 21:47:19','2019-04-05 21:47:19',72,0,4,12,12,232),
	(4452,'533',132,252,'2019-03-23','Erika rivas','0993217172',NULL,NULL,'Diagonal a la escuela ','Plan de vivienda',NULL,NULL,'Hh','33','Yy','66','2019-04-08','Casa color naranja tienda',7,20.00,0.00,-0.283337,-79.467137,'2019-04-05 22:02:06','2019-04-05 22:02:06',192,0,4,12,12,232),
	(4462,'318',132,252,'2019-03-29','Andrea sanchez','0981783842',NULL,NULL,'Media cuadra iglesia gran poder','Jesús gran poder',NULL,NULL,'Bb','33','Yy','33','2019-04-08','Casa curuba portón negro y puerta de madera',7,20.00,0.00,-0.268244,-79.448404,'2019-04-05 22:41:57','2019-04-05 22:41:57',242,0,4,12,12,232),
	(4472,'1012',202,72,'2019-04-05','Santo eracrito','3761371',NULL,NULL,'Barrio Juan elogio casa6','Barriojuan eulogio',NULL,NULL,'Alex loor','0980909767','María lor','0980605691','2019-04-20','Casa color rosado 1 piso 6 casa por detrás de la vida principal',14,10.00,0.00,-0.226406,-79.188447,'2019-04-05 22:42:01','2019-04-05 22:42:01',142,0,3,12,12,32),
	(4482,'1013',202,72,'2019-04-05','José lor garcia','0988526586',NULL,NULL,'Calle 14 manzana 22','Juan eulogio',NULL,NULL,'Carmen ribas','0961374241','Javier lor','0991893467','2019-04-20',NULL,14,10.00,0.00,-0.224672,-79.189640,'2019-04-05 22:48:41','2019-04-05 22:48:41',132,0,3,12,12,32),
	(4492,'1014',202,72,'2019-04-05','Narcisa moreno','0939141426',NULL,NULL,'Juan eulogio sector 1','Juan eulogio',NULL,NULL,'Yeni moreira','0980084936','Francisca arteaga','0992047370','2019-04-20','Casa encerrada en tegas de sing por detrás de la av principal después del semáforo ',7,20.00,0.00,-0.226130,-79.191032,'2019-04-05 22:59:36','2019-04-05 22:59:36',102,0,4,12,12,32),
	(4502,'169',202,72,'2019-02-03','Irma sandovsl','0997689802',NULL,NULL,'Cll catacocha al final','Municioal',NULL,NULL,'Carmen','0981525933','Carmen','0981525930','2019-04-11',NULL,14,10.00,0.00,-0.264708,-79.147000,'2019-04-05 23:59:11','2019-04-08 02:30:50',112,0,3,12,12,32),
	(4512,'1014',202,72,'2019-04-08','Verónica vera','0968710147',NULL,NULL,'Vía sin nombre casa2','San Pablo del chila',NULL,NULL,'Amparo guacon','0939739539','Gipo chistansola','0967016312','2019-04-22','Frente cancha de fútbol casa 2 pisos colorazul',14,10.00,0.00,-0.210449,-79.262526,'2019-04-08 17:05:48','2019-04-08 17:05:48',42,0,3,12,12,232),
	(4522,'1014',202,72,'2019-04-08','Verónica vera','0968710147',NULL,NULL,'Vía sin nombre casa2','San Pablo del chila',NULL,NULL,'Amparo guacon','0939739539','Gipo chistansola','0967016312','2019-04-22','Frente cancha de fútbol casa 2 pisos colorazul',14,10.00,0.00,-0.210449,-79.262526,'2019-04-08 17:05:48','2019-04-08 17:05:48',42,0,3,12,12,232),
	(4532,'1015',202,72,'2019-04-08','Leonardo idalgo','0989952718',NULL,NULL,'Calle sin nombre ','San Pablo del chila',NULL,NULL,'Isabel pita','3625061','Johan idalgo','0988724666','2019-04-08','Diagonal ala iglesia detrás escuela',14,10.00,0.00,-0.210296,-79.261450,'2019-04-08 17:15:22','2019-04-08 17:15:22',132,0,3,12,12,232),
	(4542,'2005',132,252,'2019-04-08','Jacinta cuzme ','0939988299',NULL,NULL,'Milton reyes','24 de septiembre ',NULL,NULL,'Silvinia. Cuzme ','0967440383','X','0','2019-04-20','Callejón a mano derecha bajando x la guardería si. BB casa a mano izquierda en tabla al lado matas de plátano ',7,20.00,0.00,-0.150424,-79.389816,'2019-04-08 17:18:21','2019-04-08 17:18:21',172,0,4,12,12,232),
	(4552,'2006 ',132,252,'2019-04-08','Jenny moreira ','0990609407',NULL,NULL,'Milton reyes ','24 de septiembre ',NULL,NULL,'Edgar moreno','0989406106','Francisco moreira ','0991041001','2019-04-08','Casa color rosa con rejas negras x el callejón entrando x la guardería si bb',7,20.00,0.00,-0.150509,-79.389555,'2019-04-08 17:21:43','2019-04-08 17:21:43',162,0,4,12,12,232),
	(4562,'2006 ',132,252,'2019-04-08','Jenny moreira ','0990609407',NULL,NULL,'Milton reyes ','24 de septiembre ',NULL,NULL,'Edgar moreno','0989406106','Francisco moreira ','0991041001','2019-04-08','Casa color rosa con rejas negras x el callejón entrando x la guardería si bb',7,20.00,0.00,-0.150509,-79.389555,'2019-04-08 17:21:44','2019-04-08 17:21:44',162,0,4,12,12,232),
	(4572,'1017',202,72,'2019-04-08','Carlos Calderón ','0959482898',NULL,NULL,'Calle sin nombre ','San Pablo del chila',NULL,NULL,'Nayelit freide','0979513487','María angulo','0969617123','2019-04-22','Casa diagonal ala cancha de fútbol después de la regla blanca ',14,10.00,0.00,-0.210661,-79.262706,'2019-04-08 17:23:34','2019-04-08 17:23:34',52,0,3,12,12,232),
	(4582,'2007 ',132,252,'2019-04-08','Dolores morales','0981315619',NULL,NULL,'Milton reyes ','24 de septiembre',NULL,NULL,'Micaela Mile ','096546120','Victor lotalgo','0961664605','2019-04-08','Casa esquinera verde con rejas negras frente a la guardería si BB x el callejón ',7,20.00,0.00,-0.150385,-79.389596,'2019-04-08 17:27:10','2019-04-08 17:27:10',152,0,4,12,12,232),
	(4592,'2008',132,252,'2019-04-08','Francisco moreira ','0991041001',NULL,NULL,'Jorge santo ','24 de septiembre ',NULL,NULL,'Jean carlos mereira ','0960763992','Yimi Moreira','0960769394','2019-04-30','Entrando x la guardería si BB casa azul con verde frente al lote destapado árbol de borojo afuera ',7,20.00,0.00,-0.150826,-79.389624,'2019-04-08 17:37:35','2019-04-08 17:37:35',122,0,4,12,12,232),
	(4602,'1016',202,72,'2019-04-08','María lucitania','0961614447',NULL,NULL,'Calle sin nombre ','San Pablo del chila',NULL,NULL,'Reinando valencia','0959794208','Erwin leonardo','0961788179','2019-04-22','Casa diagonal ala cancha de fútbol  al lado puertas blancas',14,10.00,0.00,-0.210513,-79.262828,'2019-04-08 17:45:44','2019-04-08 17:45:44',42,0,3,12,12,232),
	(4612,'1018',202,72,'2019-04-08','Fani quinotoa','0988349472',NULL,NULL,'Av principal San Paulo de chila','Av principal',NULL,NULL,'Verónica ','0988130427','Fani quinotoa','0988349472','2019-04-22','Casa de madera pintada color azul av principal antes restaurante.',14,10.00,0.00,-0.209011,-79.263816,'2019-04-08 18:04:51','2019-04-08 18:04:51',132,0,3,12,12,232),
	(4622,'1017',202,72,'2019-04-08','Narcisa arias','0968713545',NULL,NULL,'Av principal San Paulo de chila','San Paulo de chila',NULL,NULL,'Miguel quinatoa','0980866303','Narcisa arias','0968713545','2019-04-30',NULL,7,20.00,0.00,-0.208922,-79.263917,'2019-04-08 18:04:52','2019-04-08 18:04:52',192,0,4,12,12,232),
	(4632,'709',202,72,'2019-04-08','Marco Caseres ','3701808',NULL,NULL,'Coop Santa Martha sector 3','26 de octubre',NULL,NULL,'Jorge cardenas','3712012','Virginia ','0986025002','2019-04-25','Calle Alfredo Pareja Diezcanseco con calle Nela Martínez casa de dos pisos lila y blanco frente a casona de color.mostaza de tres pisos ',7,20.00,0.00,-0.268293,-79.184507,'2019-04-08 18:27:07','2019-04-08 18:27:07',22,0,4,12,12,32),
	(4642,'710',202,72,'2019-04-08','Otilia zambrano','0969929195',NULL,NULL,'Cooperativa Santa Martha sector 2','26de octubre',NULL,NULL,'Enunció bravo','0993274079','María bravo','0996920140','2019-05-01','Calle Alfredo Pareja de canario con nela Martínez, casa color azul con.blanco, cabina telefónica de claro',7,20.00,0.00,-0.268680,-79.185208,'2019-04-08 18:31:39','2019-04-08 18:31:39',102,0,4,12,12,32),
	(4652,'2009',132,252,'2019-04-08','Jacinta vega ','0997121809',NULL,NULL,'Mosquera narvaez','24 de septiembre ',NULL,NULL,'Wilfredo bravo ','0990378378','Yander bravo ','022172377','2019-04-30','Casa color crema calle Mosquera Narváez y Antonio José d Sucre al lado x el callejón de la iglesia testigos de Jehová ',7,20.00,0.00,-0.149675,-79.391044,'2019-04-08 18:42:05','2019-04-08 18:42:05',172,0,4,12,12,232),
	(4662,'2010',132,252,'2019-04-08','Ines morales ','0997321234',NULL,NULL,'Calle julio jaramillo ','24 de septiembre',NULL,NULL,'Anibal chela ','0991445705','Clara garcia ','0990023030','2019-04-30','Casa color crema frente a la unidad educativa Juan Velazco con muchas marcas afuera y árboles ',7,20.00,0.00,-0.150049,-79.390665,'2019-04-08 18:47:00','2019-04-08 18:47:00',162,0,4,12,12,232),
	(4672,'083',202,72,'2019-02-27','Andrea encslado','0985359210',NULL,NULL,'Ucom2','Ucom2cristia',NULL,NULL,'Cristiam','0958708911','Monica','0949521313','2019-05-07',NULL,7,20.00,60.00,-0.229913,-79.174412,'2019-04-08 19:20:26','2019-04-08 19:41:41',72,0,4,12,12,32),
	(4682,'711',202,72,'2019-04-08','María Cusme','0939669557',NULL,NULL,'Coop Santa Martha','Santa Martha',NULL,NULL,'Jennifer alcivar','0969517753','Jonathan Gualpa','77623504','2019-04-25','Calle los quinches frente al colegio Alessandro Volta negocio de comidas el popeye',7,20.00,0.00,-0.271750,-79.185037,'2019-04-08 20:13:18','2019-04-08 20:13:18',102,0,4,12,12,32),
	(4692,'112',202,72,'2019-04-08','María Garcia','3709253',NULL,NULL,'Coop Santa Martha sector 4','Las Carmelitas',NULL,NULL,'Jaime erasso','0983153207','Francisco padrón','0993173201','2019-04-24','Tienda FG calle Gaspar de villarueda',7,20.00,0.00,-0.272458,-79.185775,'2019-04-08 20:37:24','2019-04-08 20:37:24',82,0,4,12,12,32),
	(4702,'2010',132,252,'2019-04-08','Ines morales ','0997321234',NULL,NULL,'Calle julio jaramillo ','24 de septiembre',NULL,NULL,'Anibal chela ','0991445705','Clara garcia ','0990023030','2019-04-30','Casa color crema frente a la unidad educativa Juan Velazco con muchas marcas afuera y árboles ',7,20.00,0.00,-0.150049,-79.390665,'2019-04-08 20:47:01','2019-04-08 20:47:01',162,0,4,12,12,232),
	(4712,'2011',132,252,'2019-04-08','Maria sosa','2720245',NULL,NULL,'Calle mosquera narvaez ','Narcisio de jesus ',NULL,NULL,'Naomis solarsano ','0983098734','Fredy solarsano','0981829138','2019-04-02','Calle Mosquera Narváez con calle Benito Vélez casa verde con marrón ',14,10.00,0.00,-0.149592,-79.394211,'2019-04-08 20:51:12','2019-04-08 20:51:12',62,0,3,12,12,232),
	(4722,'2012 ',132,252,'2019-04-08','Margarita Rodríguez ','0991912560',NULL,NULL,'Mosquera narvaez ','Narciso de Jesús',NULL,NULL,'Ramón lopez ','09686036448','Gisela Rodríguez','0990027629','2019-04-15','Casa en revoque con puerta verde la placa es 606 x callejón al lado de ventas d tortas frente cliente belly María sosa ',7,20.00,0.00,-0.149151,-79.394012,'2019-04-08 20:55:59','2019-04-08 20:55:59',122,0,4,12,12,232),
	(4732,'2012 ',132,252,'2019-04-08','Margarita Rodríguez ','0991912560',NULL,NULL,'Mosquera narvaez ','Narciso de Jesús',NULL,NULL,'Ramón lopez ','09686036448','Gisela Rodríguez','0990027629','2019-04-15','Casa en revoque con puerta verde la placa es 606 x callejón al lado de ventas d tortas frente cliente belly María sosa ',7,20.00,0.00,-0.149151,-79.394012,'2019-04-08 20:55:59','2019-04-08 20:55:59',122,0,4,12,12,232),
	(4742,'1020',202,72,'2019-04-08','Farina sanchez','0997797899',NULL,NULL,'Calle Juan leumera','San jacinto ',NULL,NULL,'Isabel Sánchez ','0994895731','Helena Sánchez ','0997797899','2019-04-29','Casa bajando para el río calle sin pavimentar última ',14,10.00,0.00,-0.144883,-79.395492,'2019-04-08 21:15:34','2019-04-08 21:15:34',42,0,3,12,12,232),
	(4752,'1021',202,72,'2019-04-08','Melisa alcibar','0967277129',NULL,NULL,'Sector Jaime rondón ','San jacinto ',NULL,NULL,'Carmen zanches','0997797899','Isabel sanches','0994895731','2019-04-30','Casa de tabla bajando al río casa al frente venta de lucho ',7,20.00,0.00,-0.144813,-79.395703,'2019-04-08 21:39:15','2019-04-08 21:39:15',142,0,4,12,12,232),
	(4762,'1022',202,72,'2019-04-08','Roberto castillo','0999231861',NULL,NULL,'Balneario vista hermoza','San Juan del bua',NULL,NULL,'Verónica ','0968710147','Alban martines ','0960241527','2019-04-08','Balneario el mirador empezando el pueblo San jacinto del bua',14,10.00,0.00,-0.150779,-79.383652,'2019-04-08 22:07:51','2019-04-08 22:07:51',42,0,3,12,12,232),
	(4772,'713',202,72,'2019-04-08','Oscar Vélez','0989737439',NULL,NULL,'Coop Santa Martha sector 6','Coop Santa Martha',NULL,NULL,'Edwin figueroz','0988342953','Carlos Pizarro','0995423566','2019-04-25','Calle Gonzalo Pizarro casa color rosado de tres pisos \nPor la entrada principal del colegio Nicolás Gómez Tovar \nCobrar en negocio de calle en la parada de bus semáforo Santa Martha avenida Jacinto Cortés con avenida los quinches respaldo del colegio Alessandro Volta ',7,20.00,0.00,-0.271500,-79.183383,'2019-04-08 22:34:01','2019-04-08 22:34:01',22,0,4,12,12,32),
	(4782,'1023',202,72,'2019-04-09','Catalina galarza','0991783704',NULL,NULL,' Manzana 4 lote 22','Portal del lago',NULL,NULL,'Carla galarza','0959517954','Hugo mendieta','0988120209','2019-04-09','Casa esquinera 2 pisos al lado tienda ',6,20.00,0.00,-0.257402,-79.139080,'2019-04-09 15:35:39','2019-04-09 15:35:39',52,0,4,12,12,32),
	(4792,'2013',132,252,'2019-04-09','Eufemia velez ','0990213593',NULL,NULL,'Calle abelardo torrez con cll julio','9 octubre',NULL,NULL,'Antonio velez ','0959009281','Ruben chele ','0969448090','2019-04-30','Calle Abelardo Torrez con Julio Jaramillo casa obras gris amaca afuera negra',14,10.00,0.00,-0.146605,-79.390440,'2019-04-09 15:42:21','2019-04-09 15:42:21',62,0,3,12,12,232),
	(4802,'1024',202,72,'2019-04-09','Modesto quesada','0996328907',NULL,NULL,'2 etapa casa 30','Portal del lago',NULL,NULL,'Casi Valencia ','0984725031','Modesto quesada','0996328907','2019-04-30','Carpintería frente casa azul de. 2 plantas ',7,20.00,0.00,-0.255925,-79.137549,'2019-04-09 16:02:34','2019-04-09 16:02:34',192,0,4,12,12,32),
	(4812,'1025',202,72,'2019-04-09','María galindo','2756185',NULL,NULL,'Manzana 7 casa 2','Portal del lago',NULL,NULL,'Fernanda rivadeira','0985871396','María galindo','2756185','2019-05-02','Casa callegon color blanco con zapote antena de directivi',7,20.00,0.00,-0.255676,-79.137803,'2019-04-09 16:09:11','2019-04-09 16:09:11',142,0,4,12,12,32),
	(4822,'714',202,72,'2019-04-09','Livia marliths','0994343522','00','00','Calle chibchas av incas','Cooperativo vercereno','0','0','Ana garces','3708483','Maria garces','3700718','2019-04-16','X calle incas voltea ala derecha xcalle chibchas 6 casa color rojo rejas blancas 3 pisos',7,20.00,0.00,-0.266907,-79.187728,'2019-04-09 16:17:53','2019-04-09 16:17:53',22,0,4,12,12,32),
	(4832,'2014 ',132,252,'2019-04-09','Lizeth vera ','0991445705',NULL,NULL,'Abelardo torrez ','Nueve de octubre',NULL,NULL,'Ines morales ','022172020','Edith silva ','0993168312','2019-04-20','Casa color crema al lado de casa curuba frente foto Moreira diagonal a la tienda ',7,20.00,0.00,-0.146392,-79.392261,'2019-04-09 16:28:38','2019-04-09 16:28:38',122,0,4,12,12,232),
	(4842,'2015',132,252,'2019-04-09','Maritza delgado ','0982413050',NULL,NULL,'Calle viciente roca fuerte abelardo','9 de octubre',NULL,NULL,'Cesar abel ','0993723780','Génesis delgado ','0982413030','2019-05-03','Casa esquinera x el callejón al fondo d la carretera obra gris ',14,10.00,0.00,-0.146008,-79.392489,'2019-04-09 16:33:18','2019-04-09 16:33:18',62,0,3,12,12,232),
	(4852,'2016',132,252,'2019-04-09','Leticia mejia ','0990363302',NULL,NULL,'Calle 24 de mayo ','9 de octubre ',NULL,NULL,'Jean Pierre Estupiñán','022172380','Walter estupiñan ','0960964070','2019-04-30','Casa esquinera color verde manzana con azul celeste diagonal al centro d salud San Jacinto bajando x el callejón ',7,20.00,0.00,-0.147040,-79.391540,'2019-04-09 16:43:42','2019-04-09 16:43:42',162,0,4,12,12,232);

/*!40000 ALTER TABLE `orders` ENABLE KEYS */;
UNLOCK TABLES;


# Dump of table orders_wares
# ------------------------------------------------------------

DROP TABLE IF EXISTS `orders_wares`;

CREATE TABLE `orders_wares` (
  `id` bigint(20) NOT NULL AUTO_INCREMENT,
  `order_id` bigint(20) DEFAULT NULL,
  `ware_id` bigint(20) DEFAULT NULL,
  `quantity` int(11) DEFAULT '0',
  `total` decimal(13,2) DEFAULT '0.00',
  `observations` text,
  `created_at` datetime NOT NULL,
  `updated_at` datetime NOT NULL,
  PRIMARY KEY (`id`),
  KEY `index_orders_wares_on_order_id` (`order_id`),
  KEY `index_orders_wares_on_ware_id` (`ware_id`),
  CONSTRAINT `fk_rails_b26a140a6d` FOREIGN KEY (`ware_id`) REFERENCES `wares` (`id`),
  CONSTRAINT `fk_rails_dcb4223f54` FOREIGN KEY (`order_id`) REFERENCES `orders` (`id`)
) ENGINE=InnoDB DEFAULT CHARSET=utf8;

LOCK TABLES `orders_wares` WRITE;
/*!40000 ALTER TABLE `orders_wares` DISABLE KEYS */;

INSERT INTO `orders_wares` (`id`, `order_id`, `ware_id`, `quantity`, `total`, `observations`, `created_at`, `updated_at`)
VALUES
	(102,112,2,1,140.00,NULL,'2019-03-28 20:17:38','2019-03-28 21:46:30'),
	(112,122,2,1,140.00,NULL,'2019-03-28 21:35:50','2019-03-28 21:46:16'),
	(122,132,2,1,140.00,NULL,'2019-03-28 21:39:11','2019-03-28 21:46:00'),
	(132,142,2,1,140.00,NULL,'2019-03-28 21:43:35','2019-03-28 21:43:35'),
	(142,152,2,1,140.00,NULL,'2019-03-28 21:48:49','2019-03-28 21:48:49'),
	(152,162,2,1,140.00,NULL,'2019-03-28 21:51:46','2019-03-28 21:51:46'),
	(162,172,2,1,140.00,NULL,'2019-03-28 21:59:16','2019-03-28 21:59:16'),
	(172,182,2,1,140.00,NULL,'2019-03-28 22:09:11','2019-03-28 22:09:11'),
	(182,192,2,1,140.00,NULL,'2019-03-28 22:13:16','2019-03-28 22:13:16'),
	(192,202,2,1,140.00,NULL,'2019-03-28 22:16:54','2019-03-28 22:16:54'),
	(202,212,2,1,140.00,NULL,'2019-03-28 22:20:51','2019-03-28 22:20:51'),
	(212,222,2,1,140.00,NULL,'2019-03-28 22:26:41','2019-03-28 22:26:41'),
	(222,232,2,1,140.00,NULL,'2019-03-28 22:33:43','2019-03-28 22:33:43'),
	(232,242,2,1,140.00,NULL,'2019-03-28 22:50:35','2019-03-28 22:50:35'),
	(242,252,2,1,140.00,NULL,'2019-03-28 22:57:15','2019-03-28 22:57:15'),
	(252,262,2,1,140.00,NULL,'2019-03-28 22:57:27','2019-03-28 22:57:27'),
	(262,272,2,1,140.00,NULL,'2019-03-28 22:59:46','2019-03-28 22:59:46'),
	(272,282,2,1,140.00,NULL,'2019-03-28 23:03:33','2019-03-28 23:03:33'),
	(282,292,2,1,140.00,NULL,'2019-03-28 23:12:56','2019-03-28 23:12:56'),
	(292,302,2,1,140.00,NULL,'2019-03-28 23:18:43','2019-03-28 23:18:43'),
	(302,312,2,1,140.00,NULL,'2019-03-28 23:22:52','2019-03-28 23:22:52'),
	(312,322,2,1,140.00,NULL,'2019-03-28 23:30:16','2019-03-28 23:30:16'),
	(322,332,2,1,140.00,NULL,'2019-03-28 23:34:12','2019-03-28 23:34:12'),
	(332,342,2,1,140.00,NULL,'2019-03-28 23:36:26','2019-03-28 23:36:26'),
	(342,352,2,1,140.00,NULL,'2019-03-28 23:46:18','2019-03-28 23:46:18'),
	(352,362,2,1,140.00,NULL,'2019-03-28 23:59:57','2019-03-28 23:59:57'),
	(362,372,2,1,140.00,NULL,'2019-03-29 00:06:00','2019-03-29 00:06:00'),
	(372,382,2,1,140.00,NULL,'2019-03-29 19:08:25','2019-03-29 19:08:25'),
	(382,392,2,1,140.00,NULL,'2019-03-29 19:13:30','2019-03-29 19:13:30'),
	(392,402,2,1,140.00,NULL,'2019-03-29 19:22:56','2019-03-29 19:22:56'),
	(402,412,2,1,140.00,NULL,'2019-03-29 19:41:53','2019-03-29 19:41:53'),
	(412,422,2,1,140.00,NULL,'2019-03-29 19:57:51','2019-03-29 19:57:51'),
	(422,432,2,1,140.00,NULL,'2019-03-29 20:03:17','2019-03-29 20:03:17'),
	(432,442,2,1,140.00,NULL,'2019-03-29 20:09:09','2019-03-29 20:09:09'),
	(442,452,2,1,140.00,NULL,'2019-03-29 20:13:02','2019-03-29 20:13:02'),
	(452,462,2,1,140.00,NULL,'2019-03-29 20:19:04','2019-03-29 20:19:04'),
	(462,472,2,1,140.00,NULL,'2019-03-29 20:32:00','2019-03-29 20:32:00'),
	(472,482,2,1,140.00,NULL,'2019-03-29 20:54:37','2019-03-29 20:54:37'),
	(482,492,2,1,140.00,NULL,'2019-03-29 21:16:56','2019-03-29 21:16:56'),
	(492,502,2,1,140.00,NULL,'2019-03-29 21:22:44','2019-03-29 21:22:44'),
	(502,512,2,1,140.00,NULL,'2019-03-29 22:58:44','2019-03-29 22:58:44'),
	(512,522,2,1,140.00,NULL,'2019-03-29 23:03:39','2019-03-29 23:03:39'),
	(522,532,2,1,140.00,NULL,'2019-03-29 23:06:38','2019-03-29 23:06:38'),
	(532,542,2,1,140.00,NULL,'2019-03-29 23:08:02','2019-03-29 23:08:02'),
	(542,552,2,1,140.00,NULL,'2019-03-29 23:19:48','2019-03-29 23:19:48'),
	(552,562,2,1,140.00,NULL,'2019-03-29 23:19:48','2019-03-29 23:19:48'),
	(562,572,2,1,140.00,NULL,'2019-03-29 23:19:48','2019-03-29 23:19:48'),
	(572,582,2,1,140.00,NULL,'2019-03-29 23:19:49','2019-03-29 23:19:49'),
	(592,602,2,1,140.00,NULL,'2019-03-29 23:25:29','2019-03-29 23:25:29'),
	(602,612,2,1,140.00,NULL,'2019-03-29 23:32:25','2019-03-29 23:32:25'),
	(612,622,2,1,140.00,NULL,'2019-03-29 23:35:04','2019-03-29 23:35:04'),
	(622,632,2,1,140.00,NULL,'2019-03-29 23:35:05','2019-03-29 23:35:05'),
	(632,642,2,1,140.00,NULL,'2019-03-30 16:41:26','2019-03-30 16:41:26'),
	(642,652,2,1,140.00,NULL,'2019-03-30 16:52:48','2019-03-30 16:52:48'),
	(662,672,2,1,140.00,NULL,'2019-03-30 20:10:39','2019-03-30 20:10:39'),
	(672,682,2,1,140.00,NULL,'2019-03-30 20:14:34','2019-03-30 20:14:34'),
	(682,692,2,1,140.00,NULL,'2019-03-30 20:18:00','2019-03-30 20:18:00'),
	(702,712,2,1,140.00,NULL,'2019-03-30 20:44:39','2019-03-30 20:44:39'),
	(712,722,2,1,140.00,NULL,'2019-03-31 17:14:01','2019-03-31 17:14:01'),
	(732,742,2,1,140.00,NULL,'2019-03-31 17:14:02','2019-03-31 17:14:02'),
	(742,752,2,1,140.00,NULL,'2019-03-31 17:14:02','2019-03-31 17:14:02'),
	(762,772,2,1,140.00,NULL,'2019-03-31 17:17:06','2019-03-31 17:17:06'),
	(772,782,2,1,140.00,NULL,'2019-03-31 17:34:57','2019-03-31 17:34:57'),
	(782,792,2,1,140.00,NULL,'2019-04-01 14:23:01','2019-04-01 14:23:01'),
	(792,802,2,1,140.00,NULL,'2019-04-01 14:23:01','2019-04-01 14:23:01'),
	(802,812,2,1,140.00,NULL,'2019-04-01 14:23:03','2019-04-01 14:23:03'),
	(812,822,2,1,140.00,NULL,'2019-04-01 14:23:18','2019-04-01 14:23:18'),
	(822,832,2,1,140.00,NULL,'2019-04-01 16:52:48','2019-04-01 16:52:48'),
	(832,842,2,1,140.00,NULL,'2019-04-01 16:59:15','2019-04-01 16:59:15'),
	(842,852,2,1,140.00,NULL,'2019-04-01 17:04:59','2019-04-01 17:04:59'),
	(852,862,2,1,140.00,NULL,'2019-04-01 17:06:13','2019-04-01 17:06:13'),
	(862,872,2,1,140.00,NULL,'2019-04-01 17:28:50','2019-04-01 17:28:50'),
	(872,882,2,1,140.00,NULL,'2019-04-01 17:28:50','2019-04-01 17:28:50'),
	(882,892,2,1,140.00,NULL,'2019-04-01 17:28:51','2019-04-01 17:28:51'),
	(892,902,2,1,140.00,NULL,'2019-04-01 17:28:51','2019-04-01 17:28:51'),
	(902,912,2,1,140.00,NULL,'2019-04-01 17:28:51','2019-04-01 17:28:51'),
	(912,922,2,1,140.00,NULL,'2019-04-01 18:43:55','2019-04-01 18:43:55'),
	(922,932,2,1,140.00,NULL,'2019-04-01 18:43:56','2019-04-01 18:43:56'),
	(932,942,2,1,140.00,NULL,'2019-04-01 19:50:23','2019-04-01 19:50:23'),
	(942,952,2,1,140.00,NULL,'2019-04-01 21:53:51','2019-04-01 21:53:51'),
	(952,962,2,1,140.00,NULL,'2019-04-01 22:16:08','2019-04-01 22:16:08'),
	(962,972,2,1,140.00,NULL,'2019-04-01 22:22:48','2019-04-01 22:22:48'),
	(972,982,2,1,140.00,NULL,'2019-04-01 22:25:34','2019-04-01 22:25:34'),
	(982,992,2,1,140.00,NULL,'2019-04-01 22:25:34','2019-04-01 22:25:34'),
	(992,1002,2,1,140.00,NULL,'2019-04-01 22:28:41','2019-04-01 22:28:41'),
	(1002,1012,2,1,140.00,NULL,'2019-04-01 22:30:21','2019-04-01 22:30:21'),
	(1012,1022,2,1,140.00,NULL,'2019-04-01 22:30:21','2019-04-01 22:30:21'),
	(1022,1032,2,1,140.00,NULL,'2019-04-01 22:34:33','2019-04-01 22:34:33'),
	(1032,1042,2,1,140.00,NULL,'2019-04-01 22:41:28','2019-04-01 22:41:28'),
	(1042,1052,2,1,140.00,NULL,'2019-04-01 22:46:55','2019-04-01 22:46:55'),
	(1052,1062,2,1,140.00,NULL,'2019-04-01 22:51:17','2019-04-01 22:51:17'),
	(1062,1072,2,1,140.00,NULL,'2019-04-01 22:51:18','2019-04-01 22:51:18'),
	(1072,1082,2,1,140.00,NULL,'2019-04-01 22:51:18','2019-04-01 22:51:18'),
	(1082,1092,2,1,140.00,NULL,'2019-04-01 23:02:03','2019-04-01 23:02:03'),
	(1092,1102,2,1,140.00,NULL,'2019-04-01 23:02:04','2019-04-01 23:02:04'),
	(1102,1112,2,1,140.00,NULL,'2019-04-01 23:02:04','2019-04-01 23:02:04'),
	(1112,1122,2,1,140.00,NULL,'2019-04-01 23:08:23','2019-04-01 23:08:23'),
	(1122,1132,2,1,140.00,NULL,'2019-04-01 23:12:41','2019-04-01 23:12:41'),
	(1132,1142,2,1,140.00,NULL,'2019-04-01 23:18:12','2019-04-01 23:18:12'),
	(1142,1152,2,1,140.00,NULL,'2019-04-01 23:23:30','2019-04-01 23:23:30'),
	(1152,1162,2,1,140.00,NULL,'2019-04-01 23:25:18','2019-04-01 23:25:18'),
	(1162,1172,2,1,140.00,NULL,'2019-04-01 23:50:51','2019-04-01 23:50:51'),
	(1172,1182,2,1,140.00,NULL,'2019-04-01 23:50:51','2019-04-01 23:50:51'),
	(1182,1192,2,1,140.00,NULL,'2019-04-01 23:50:54','2019-04-01 23:50:54'),
	(1192,1202,2,1,140.00,NULL,'2019-04-02 12:38:03','2019-04-02 12:38:03'),
	(1232,1242,2,1,140.00,NULL,'2019-04-02 12:44:55','2019-04-02 12:44:55'),
	(1242,1252,2,1,140.00,NULL,'2019-04-02 12:44:57','2019-04-02 12:44:57'),
	(1252,1262,2,1,140.00,NULL,'2019-04-02 12:48:26','2019-04-02 12:48:26'),
	(1262,1272,2,1,140.00,NULL,'2019-04-02 14:50:35','2019-04-02 14:50:35'),
	(1272,1282,2,1,140.00,NULL,'2019-04-02 14:57:53','2019-04-02 14:57:53'),
	(1282,1292,2,1,140.00,NULL,'2019-04-02 14:57:54','2019-04-02 14:57:54'),
	(1292,1302,2,1,140.00,NULL,'2019-04-02 15:30:10','2019-04-02 15:30:10'),
	(1302,1312,2,1,140.00,NULL,'2019-04-02 15:34:17','2019-04-02 15:34:17'),
	(1312,1322,2,1,140.00,NULL,'2019-04-02 15:41:37','2019-04-02 15:41:37'),
	(1322,1332,2,1,140.00,NULL,'2019-04-02 15:41:37','2019-04-02 15:41:37'),
	(1332,1342,2,1,140.00,NULL,'2019-04-02 15:41:37','2019-04-02 15:41:37'),
	(1342,1352,2,1,140.00,NULL,'2019-04-02 15:41:37','2019-04-02 15:41:37'),
	(1352,1362,2,1,140.00,NULL,'2019-04-02 15:41:37','2019-04-02 15:41:37'),
	(1362,1372,2,1,140.00,NULL,'2019-04-02 15:41:37','2019-04-02 15:41:37'),
	(1372,1382,2,1,140.00,NULL,'2019-04-02 15:41:38','2019-04-02 15:41:38'),
	(1382,1392,2,1,140.00,NULL,'2019-04-02 15:42:05','2019-04-02 15:42:05'),
	(1392,1402,2,1,140.00,NULL,'2019-04-02 15:45:34','2019-04-02 15:45:34'),
	(1402,1412,2,1,140.00,NULL,'2019-04-02 15:47:05','2019-04-02 15:47:05'),
	(1412,1422,2,1,140.00,NULL,'2019-04-02 15:50:16','2019-04-02 15:50:16'),
	(1422,1432,2,1,140.00,NULL,'2019-04-02 15:50:17','2019-04-02 15:50:17'),
	(1432,1442,2,1,140.00,NULL,'2019-04-02 15:54:54','2019-04-02 15:54:54'),
	(1442,1452,2,2,280.00,NULL,'2019-04-02 16:05:34','2019-04-02 16:05:34'),
	(1452,1462,2,2,280.00,NULL,'2019-04-02 16:05:34','2019-04-02 16:05:34'),
	(1462,1472,2,1,140.00,NULL,'2019-04-02 16:08:51','2019-04-02 16:08:51'),
	(1472,1482,2,1,140.00,NULL,'2019-04-02 16:13:51','2019-04-02 16:13:51'),
	(1482,1492,2,1,140.00,NULL,'2019-04-02 16:16:30','2019-04-02 16:16:30'),
	(1492,1502,2,1,140.00,NULL,'2019-04-02 16:26:50','2019-04-02 16:26:50'),
	(1502,1512,2,1,140.00,NULL,'2019-04-02 16:31:22','2019-04-02 16:31:22'),
	(1512,1522,2,1,140.00,NULL,'2019-04-02 16:35:43','2019-04-02 16:35:43'),
	(1522,1532,2,1,140.00,NULL,'2019-04-02 16:40:04','2019-04-02 16:40:04'),
	(1532,1542,2,1,140.00,NULL,'2019-04-02 16:41:56','2019-04-02 16:41:56'),
	(1542,1552,2,1,140.00,NULL,'2019-04-02 16:45:47','2019-04-02 16:45:47'),
	(1552,1562,2,1,140.00,NULL,'2019-04-02 16:51:17','2019-04-02 16:51:17'),
	(1562,1572,2,1,140.00,NULL,'2019-04-02 16:56:41','2019-04-02 16:56:41'),
	(1572,1582,2,1,140.00,NULL,'2019-04-02 16:56:41','2019-04-02 16:56:41'),
	(1582,1592,2,1,140.00,NULL,'2019-04-02 16:59:44','2019-04-02 16:59:44'),
	(1592,1602,2,1,140.00,NULL,'2019-04-02 16:59:44','2019-04-02 16:59:44'),
	(1602,1612,2,1,140.00,NULL,'2019-04-02 16:59:52','2019-04-02 16:59:52'),
	(1612,1622,2,1,140.00,NULL,'2019-04-02 17:02:14','2019-04-02 17:02:14'),
	(1622,1632,2,1,140.00,NULL,'2019-04-02 17:03:55','2019-04-02 17:03:55'),
	(1632,1642,2,1,140.00,NULL,'2019-04-02 17:09:38','2019-04-02 17:09:38'),
	(1642,1652,2,1,140.00,NULL,'2019-04-02 17:10:05','2019-04-02 17:10:05'),
	(1652,1662,2,1,140.00,NULL,'2019-04-02 17:10:06','2019-04-02 17:10:06'),
	(1662,1672,2,1,140.00,NULL,'2019-04-02 17:20:24','2019-04-02 17:20:24'),
	(1672,1682,2,1,140.00,NULL,'2019-04-02 17:24:16','2019-04-02 17:24:16'),
	(1682,1692,2,1,140.00,NULL,'2019-04-02 17:26:14','2019-04-02 17:26:14'),
	(1692,1702,2,1,140.00,NULL,'2019-04-02 17:30:52','2019-04-02 17:30:52'),
	(1702,1712,2,1,140.00,NULL,'2019-04-02 17:30:52','2019-04-02 17:30:52'),
	(1712,1722,2,1,140.00,NULL,'2019-04-02 17:30:58','2019-04-02 17:30:58'),
	(1722,1732,2,1,140.00,NULL,'2019-04-02 17:50:35','2019-04-02 17:50:35'),
	(1732,1742,2,1,140.00,NULL,'2019-04-02 17:56:21','2019-04-02 17:56:21'),
	(1742,1752,2,1,140.00,NULL,'2019-04-02 18:01:45','2019-04-02 18:01:45'),
	(1752,1762,2,1,140.00,NULL,'2019-04-02 18:05:35','2019-04-02 18:05:35'),
	(1762,1772,2,1,140.00,NULL,'2019-04-02 18:05:35','2019-04-02 18:05:35'),
	(1772,1782,2,1,140.00,NULL,'2019-04-02 18:15:24','2019-04-02 18:15:24'),
	(1782,1792,2,1,140.00,NULL,'2019-04-02 18:16:44','2019-04-02 18:16:44'),
	(1792,1802,2,1,140.00,NULL,'2019-04-02 18:23:02','2019-04-02 18:23:02'),
	(1802,1812,2,1,140.00,NULL,'2019-04-02 18:23:02','2019-04-02 18:23:02'),
	(1812,1822,2,1,140.00,NULL,'2019-04-02 18:24:09','2019-04-02 18:24:09'),
	(1822,1832,2,1,140.00,NULL,'2019-04-02 18:24:38','2019-04-02 18:24:38'),
	(1832,1842,2,1,140.00,NULL,'2019-04-02 18:25:04','2019-04-02 18:25:04'),
	(1842,1852,2,1,140.00,NULL,'2019-04-02 18:25:04','2019-04-02 18:25:04'),
	(1852,1862,2,1,140.00,NULL,'2019-04-02 18:25:04','2019-04-02 18:25:04'),
	(1862,1872,2,1,140.00,NULL,'2019-04-02 18:28:07','2019-04-02 18:28:07'),
	(1872,1882,2,1,140.00,NULL,'2019-04-02 18:30:41','2019-04-02 18:30:41'),
	(1882,1892,2,1,140.00,NULL,'2019-04-02 18:37:59','2019-04-02 18:37:59'),
	(1892,1902,2,1,140.00,NULL,'2019-04-02 18:48:58','2019-04-02 18:48:58'),
	(1902,1912,2,1,140.00,NULL,'2019-04-02 18:48:58','2019-04-02 18:48:58'),
	(1912,1922,2,1,140.00,NULL,'2019-04-02 18:56:50','2019-04-02 18:56:50'),
	(1922,1932,2,1,140.00,NULL,'2019-04-02 19:05:33','2019-04-02 19:05:33'),
	(1932,1942,2,1,140.00,NULL,'2019-04-02 19:14:43','2019-04-02 19:14:43'),
	(1942,1952,2,1,140.00,NULL,'2019-04-02 19:17:00','2019-04-02 19:17:00'),
	(1952,1962,2,1,140.00,NULL,'2019-04-02 19:32:22','2019-04-02 19:32:22'),
	(1962,1972,2,1,140.00,NULL,'2019-04-02 19:32:38','2019-04-02 19:32:38'),
	(1972,1982,2,1,140.00,NULL,'2019-04-02 19:36:05','2019-04-02 19:36:05'),
	(1982,1992,2,1,140.00,NULL,'2019-04-02 19:39:36','2019-04-02 19:39:36'),
	(1992,2002,2,1,140.00,NULL,'2019-04-02 19:42:40','2019-04-02 19:42:40'),
	(2002,2012,2,1,140.00,NULL,'2019-04-02 19:45:20','2019-04-02 19:45:20'),
	(2012,2022,2,1,140.00,NULL,'2019-04-02 19:48:32','2019-04-02 19:48:32'),
	(2022,2032,2,1,140.00,NULL,'2019-04-02 19:51:47','2019-04-02 19:51:47'),
	(2032,2042,2,1,140.00,NULL,'2019-04-02 19:55:04','2019-04-02 19:55:04'),
	(2042,2052,2,1,140.00,NULL,'2019-04-02 20:00:46','2019-04-02 20:00:46'),
	(2052,2062,2,1,140.00,NULL,'2019-04-02 20:11:11','2019-04-02 20:11:11'),
	(2062,2072,2,1,140.00,NULL,'2019-04-02 20:18:57','2019-04-02 20:18:57'),
	(2072,2082,2,1,140.00,NULL,'2019-04-02 20:20:49','2019-04-02 20:20:49'),
	(2082,2092,2,1,140.00,NULL,'2019-04-02 20:23:24','2019-04-02 20:23:24'),
	(2092,2102,2,1,140.00,NULL,'2019-04-02 20:30:19','2019-04-02 20:30:19'),
	(2102,2112,2,1,140.00,NULL,'2019-04-02 20:37:21','2019-04-02 20:37:21'),
	(2112,2122,2,1,140.00,NULL,'2019-04-02 20:46:08','2019-04-02 20:46:08'),
	(2122,2132,2,1,140.00,NULL,'2019-04-02 20:52:20','2019-04-02 20:52:20'),
	(2132,2142,2,1,140.00,NULL,'2019-04-02 20:55:49','2019-04-02 20:55:49'),
	(2142,2152,2,1,140.00,NULL,'2019-04-02 21:02:45','2019-04-02 21:02:45'),
	(2152,2172,2,1,140.00,NULL,'2019-04-02 21:04:09','2019-04-02 21:04:09'),
	(2162,2162,2,1,140.00,NULL,'2019-04-02 21:04:09','2019-04-02 21:04:09'),
	(2172,2182,2,1,140.00,NULL,'2019-04-02 21:09:16','2019-04-02 21:09:16'),
	(2182,2192,2,1,140.00,NULL,'2019-04-02 21:13:39','2019-04-02 21:13:39'),
	(2192,2202,2,1,140.00,NULL,'2019-04-02 21:13:39','2019-04-02 21:13:39'),
	(2202,2212,2,1,140.00,NULL,'2019-04-02 21:16:24','2019-04-02 21:16:24'),
	(2212,2222,2,1,140.00,NULL,'2019-04-02 21:19:23','2019-04-02 21:19:23'),
	(2222,2232,2,1,140.00,NULL,'2019-04-02 21:26:07','2019-04-02 21:26:07'),
	(2232,2242,2,1,140.00,NULL,'2019-04-02 21:30:56','2019-04-02 21:30:56'),
	(2242,2252,2,1,140.00,NULL,'2019-04-02 21:32:46','2019-04-02 21:32:46'),
	(2252,2262,2,1,140.00,NULL,'2019-04-02 21:47:57','2019-04-02 21:47:57'),
	(2262,2272,2,1,140.00,NULL,'2019-04-02 21:51:41','2019-04-02 21:51:41'),
	(2272,2282,2,1,140.00,NULL,'2019-04-02 21:55:37','2019-04-02 21:55:37'),
	(2282,2302,2,1,140.00,NULL,'2019-04-02 21:58:23','2019-04-02 21:58:23'),
	(2292,2292,2,1,140.00,NULL,'2019-04-02 21:58:23','2019-04-02 21:58:23'),
	(2302,2312,2,1,140.00,NULL,'2019-04-02 22:00:32','2019-04-02 22:00:32'),
	(2312,2322,2,1,140.00,NULL,'2019-04-02 22:05:43','2019-04-02 22:05:43'),
	(2322,2332,2,1,140.00,NULL,'2019-04-02 22:14:10','2019-04-02 22:14:10'),
	(2332,2342,2,1,140.00,NULL,'2019-04-02 22:14:10','2019-04-02 22:14:10'),
	(2342,2352,2,1,140.00,NULL,'2019-04-02 22:16:40','2019-04-02 22:16:40'),
	(2352,2362,2,1,140.00,NULL,'2019-04-02 22:17:00','2019-04-02 22:17:00'),
	(2362,2372,2,1,140.00,NULL,'2019-04-02 22:21:00','2019-04-02 22:21:00'),
	(2372,2382,2,1,140.00,NULL,'2019-04-02 22:22:08','2019-04-02 22:22:08'),
	(2382,2392,2,1,140.00,NULL,'2019-04-02 22:23:36','2019-04-02 22:23:36'),
	(2392,2402,2,1,140.00,NULL,'2019-04-02 22:28:43','2019-04-02 22:28:43'),
	(2402,2412,2,1,140.00,NULL,'2019-04-02 22:29:51','2019-04-02 22:29:51'),
	(2412,2422,2,1,140.00,NULL,'2019-04-02 22:32:25','2019-04-02 22:32:25'),
	(2422,2432,2,1,140.00,NULL,'2019-04-02 22:34:48','2019-04-02 22:34:48'),
	(2432,2442,2,1,140.00,NULL,'2019-04-02 22:39:39','2019-04-02 22:39:39'),
	(2442,2452,2,1,140.00,NULL,'2019-04-02 22:42:39','2019-04-02 22:42:39'),
	(2452,2462,2,1,140.00,NULL,'2019-04-02 22:45:39','2019-04-02 22:45:39'),
	(2462,2472,2,1,140.00,NULL,'2019-04-02 22:47:56','2019-04-02 22:47:56'),
	(2472,2482,2,1,140.00,NULL,'2019-04-02 22:49:43','2019-04-02 22:49:43'),
	(2482,2492,2,1,140.00,NULL,'2019-04-02 22:52:57','2019-04-02 22:52:57'),
	(2492,2502,2,1,140.00,NULL,'2019-04-02 22:52:59','2019-04-02 22:52:59'),
	(2502,2512,2,1,140.00,NULL,'2019-04-02 22:57:21','2019-04-02 22:57:21'),
	(2512,2522,2,1,140.00,NULL,'2019-04-02 23:04:48','2019-04-02 23:04:48'),
	(2522,2532,2,1,140.00,NULL,'2019-04-02 23:09:04','2019-04-02 23:09:04'),
	(2532,2542,2,1,140.00,NULL,'2019-04-02 23:18:04','2019-04-02 23:18:04'),
	(2542,2552,2,1,140.00,NULL,'2019-04-03 00:38:24','2019-04-03 00:38:24'),
	(2552,2562,2,1,140.00,NULL,'2019-04-03 15:25:44','2019-04-03 15:25:44'),
	(2562,2572,2,1,140.00,NULL,'2019-04-03 15:25:44','2019-04-03 15:25:44'),
	(2572,2582,2,1,140.00,NULL,'2019-04-03 15:38:08','2019-04-03 15:38:08'),
	(2582,2592,2,1,140.00,NULL,'2019-04-03 15:53:39','2019-04-03 15:53:39'),
	(2592,2602,2,1,140.00,NULL,'2019-04-03 15:54:12','2019-04-03 15:54:12'),
	(2602,2612,2,1,140.00,NULL,'2019-04-03 16:00:32','2019-04-03 16:00:32'),
	(2612,2622,2,1,140.00,NULL,'2019-04-03 16:03:05','2019-04-03 16:03:05'),
	(2622,2632,2,1,140.00,NULL,'2019-04-03 16:05:18','2019-04-03 16:05:18'),
	(2632,2642,2,1,140.00,NULL,'2019-04-03 16:14:06','2019-04-03 16:14:06'),
	(2642,2652,2,1,140.00,NULL,'2019-04-03 16:33:55','2019-04-03 16:33:55'),
	(2652,2672,2,1,140.00,NULL,'2019-04-03 17:09:54','2019-04-03 17:09:54'),
	(2662,2662,2,1,140.00,NULL,'2019-04-03 17:09:54','2019-04-03 17:09:54'),
	(2672,2682,2,1,140.00,NULL,'2019-04-03 17:09:54','2019-04-03 17:09:54'),
	(2682,2692,2,1,140.00,NULL,'2019-04-03 17:11:51','2019-04-03 17:11:51'),
	(2692,2702,2,1,140.00,NULL,'2019-04-03 17:17:00','2019-04-03 17:17:00'),
	(2702,2712,2,1,140.00,NULL,'2019-04-03 17:18:07','2019-04-03 17:18:07'),
	(2712,2722,2,1,140.00,NULL,'2019-04-03 17:23:57','2019-04-03 17:23:57'),
	(2722,2732,2,1,140.00,NULL,'2019-04-03 17:33:33','2019-04-03 17:33:33'),
	(2732,2742,2,1,140.00,NULL,'2019-04-03 17:37:37','2019-04-03 17:37:37'),
	(2742,2752,2,1,140.00,NULL,'2019-04-03 17:55:01','2019-04-03 17:55:01'),
	(2752,2762,2,1,140.00,NULL,'2019-04-03 18:04:49','2019-04-03 18:04:49'),
	(2762,2772,2,1,140.00,NULL,'2019-04-03 18:54:51','2019-04-03 18:54:51'),
	(2772,2782,2,1,140.00,NULL,'2019-04-03 19:01:18','2019-04-03 19:01:18'),
	(2782,2802,2,1,140.00,NULL,'2019-04-03 19:01:39','2019-04-03 19:01:39'),
	(2792,2792,2,1,140.00,NULL,'2019-04-03 19:01:39','2019-04-03 19:01:39'),
	(2802,2812,2,1,140.00,NULL,'2019-04-03 19:01:39','2019-04-03 19:01:39'),
	(2812,2822,2,1,140.00,NULL,'2019-04-03 19:01:39','2019-04-03 19:01:39'),
	(2822,2832,2,1,140.00,NULL,'2019-04-03 19:01:40','2019-04-03 19:01:40'),
	(2832,2842,2,1,140.00,NULL,'2019-04-03 19:01:40','2019-04-03 19:01:40'),
	(2842,2852,2,1,140.00,NULL,'2019-04-03 19:01:40','2019-04-03 19:01:40'),
	(2852,2862,2,1,140.00,NULL,'2019-04-03 19:01:40','2019-04-03 19:01:40'),
	(2862,2872,2,1,140.00,NULL,'2019-04-03 19:07:51','2019-04-03 19:07:51'),
	(2872,2882,2,1,140.00,NULL,'2019-04-03 19:12:48','2019-04-03 19:12:48'),
	(2882,2892,2,1,140.00,NULL,'2019-04-03 19:15:51','2019-04-03 19:15:51'),
	(2892,2902,2,1,140.00,NULL,'2019-04-03 19:15:52','2019-04-03 19:15:52'),
	(2902,2912,2,1,140.00,NULL,'2019-04-03 19:15:53','2019-04-03 19:15:53'),
	(2912,2922,2,1,140.00,NULL,'2019-04-03 19:21:38','2019-04-03 19:21:38'),
	(2922,2932,2,1,140.00,NULL,'2019-04-03 19:22:39','2019-04-03 19:22:39'),
	(2932,2942,2,1,140.00,NULL,'2019-04-03 19:25:10','2019-04-03 19:25:10'),
	(2942,2952,2,1,140.00,NULL,'2019-04-03 19:27:18','2019-04-03 19:27:18'),
	(2952,2962,2,1,140.00,NULL,'2019-04-03 19:29:49','2019-04-03 19:29:49'),
	(2962,2972,2,1,140.00,NULL,'2019-04-03 19:35:27','2019-04-03 19:35:27'),
	(2972,2982,2,1,140.00,NULL,'2019-04-03 19:35:30','2019-04-03 19:35:30'),
	(2982,2992,2,1,140.00,NULL,'2019-04-03 19:35:30','2019-04-03 19:35:30'),
	(2992,3002,2,1,140.00,NULL,'2019-04-03 19:36:44','2019-04-03 19:36:44'),
	(3002,3012,2,1,140.00,NULL,'2019-04-03 19:45:50','2019-04-03 19:45:50'),
	(3012,3022,2,1,140.00,NULL,'2019-04-03 19:46:09','2019-04-03 19:46:09'),
	(3022,3032,2,1,140.00,NULL,'2019-04-03 19:47:52','2019-04-03 19:47:52'),
	(3032,3042,2,1,140.00,NULL,'2019-04-03 19:50:45','2019-04-03 19:50:45'),
	(3042,3052,2,1,140.00,NULL,'2019-04-03 19:59:38','2019-04-03 19:59:38'),
	(3052,3062,2,1,140.00,NULL,'2019-04-03 20:02:44','2019-04-03 20:02:44'),
	(3062,3072,2,1,140.00,NULL,'2019-04-03 20:06:12','2019-04-03 20:06:12'),
	(3072,3082,2,1,140.00,NULL,'2019-04-03 20:15:12','2019-04-03 20:15:12'),
	(3082,3092,2,1,140.00,NULL,'2019-04-03 20:15:12','2019-04-03 20:15:12'),
	(3092,3112,2,1,140.00,NULL,'2019-04-03 20:21:27','2019-04-03 20:21:27'),
	(3102,3122,2,1,140.00,NULL,'2019-04-03 20:21:27','2019-04-03 20:21:27'),
	(3112,3102,2,1,140.00,NULL,'2019-04-03 20:21:27','2019-04-03 20:21:27'),
	(3122,3132,2,1,140.00,NULL,'2019-04-03 20:21:27','2019-04-03 20:21:27'),
	(3132,3142,2,1,140.00,NULL,'2019-04-03 20:25:47','2019-04-03 20:25:47'),
	(3142,3152,2,1,140.00,NULL,'2019-04-03 20:28:41','2019-04-03 20:28:41'),
	(3152,3162,2,1,140.00,NULL,'2019-04-03 20:38:34','2019-04-03 20:38:34'),
	(3162,3172,2,1,140.00,NULL,'2019-04-03 20:45:15','2019-04-03 20:45:15'),
	(3172,3182,2,1,140.00,NULL,'2019-04-03 20:47:38','2019-04-03 20:47:38'),
	(3182,3192,2,1,140.00,NULL,'2019-04-03 20:57:34','2019-04-03 20:57:34'),
	(3192,3202,2,1,140.00,NULL,'2019-04-03 21:01:48','2019-04-03 21:01:48'),
	(3202,3212,2,1,140.00,NULL,'2019-04-03 21:05:37','2019-04-03 21:05:37'),
	(3212,3222,2,1,140.00,NULL,'2019-04-03 21:06:06','2019-04-03 21:06:06'),
	(3222,3232,2,1,140.00,NULL,'2019-04-03 21:08:18','2019-04-03 21:08:18'),
	(3232,3242,2,1,140.00,NULL,'2019-04-03 21:08:58','2019-04-03 21:08:58'),
	(3242,3252,2,1,140.00,NULL,'2019-04-03 21:10:03','2019-04-03 21:10:03'),
	(3252,3262,2,1,140.00,NULL,'2019-04-03 21:23:08','2019-04-03 21:23:08'),
	(3262,3272,2,1,140.00,NULL,'2019-04-03 21:31:07','2019-04-03 21:31:07'),
	(3272,3282,2,1,140.00,NULL,'2019-04-03 21:31:07','2019-04-03 21:31:07'),
	(3282,3292,2,1,140.00,NULL,'2019-04-03 21:31:07','2019-04-03 21:31:07'),
	(3292,3302,2,1,140.00,NULL,'2019-04-03 21:34:39','2019-04-03 21:34:39'),
	(3302,3312,2,1,140.00,NULL,'2019-04-03 21:43:56','2019-04-03 21:43:56'),
	(3312,3322,2,1,140.00,NULL,'2019-04-03 21:46:26','2019-04-03 21:46:26'),
	(3322,3332,2,1,140.00,NULL,'2019-04-03 21:49:50','2019-04-03 21:49:50'),
	(3332,3342,2,1,140.00,NULL,'2019-04-03 22:08:18','2019-04-03 22:08:18'),
	(3342,3352,2,1,140.00,NULL,'2019-04-03 22:08:22','2019-04-03 22:08:22'),
	(3352,3362,2,1,140.00,NULL,'2019-04-03 22:11:40','2019-04-03 22:11:40'),
	(3362,3372,2,1,140.00,NULL,'2019-04-03 22:16:24','2019-04-03 22:16:24'),
	(3372,3382,2,1,140.00,NULL,'2019-04-03 22:26:12','2019-04-03 22:26:12'),
	(3382,3392,2,1,140.00,NULL,'2019-04-03 22:27:46','2019-04-03 22:27:46'),
	(3392,3402,2,1,140.00,NULL,'2019-04-03 22:36:47','2019-04-03 22:36:47'),
	(3402,3412,2,1,140.00,NULL,'2019-04-03 22:39:19','2019-04-03 22:39:19'),
	(3412,3422,2,1,140.00,NULL,'2019-04-03 22:45:53','2019-04-03 22:45:53'),
	(3422,3432,2,1,140.00,NULL,'2019-04-03 22:51:38','2019-04-03 22:51:38'),
	(3432,3442,2,1,140.00,NULL,'2019-04-03 22:53:31','2019-04-03 22:53:31'),
	(3442,3452,2,1,140.00,NULL,'2019-04-03 23:00:01','2019-04-03 23:00:01'),
	(3452,3462,2,1,140.00,NULL,'2019-04-03 23:06:07','2019-04-03 23:06:07'),
	(3462,3472,2,1,140.00,NULL,'2019-04-03 23:13:16','2019-04-03 23:13:16'),
	(3472,3482,2,1,140.00,NULL,'2019-04-03 23:35:04','2019-04-03 23:35:04'),
	(3482,3492,2,1,140.00,NULL,'2019-04-04 00:21:42','2019-04-04 00:21:42'),
	(3492,3502,2,1,140.00,NULL,'2019-04-04 00:21:42','2019-04-04 00:21:42'),
	(3502,3512,2,1,140.00,NULL,'2019-04-04 00:34:10','2019-04-04 00:34:10'),
	(3512,3522,2,1,140.00,NULL,'2019-04-04 14:38:09','2019-04-04 14:38:09'),
	(3522,3532,2,1,140.00,NULL,'2019-04-04 14:51:19','2019-04-04 14:51:19'),
	(3532,3552,2,1,140.00,NULL,'2019-04-04 14:55:48','2019-04-04 14:55:48'),
	(3542,3542,2,1,140.00,NULL,'2019-04-04 14:55:48','2019-04-04 14:55:48'),
	(3552,3562,2,1,140.00,NULL,'2019-04-04 15:44:50','2019-04-04 15:44:50'),
	(3562,3572,2,1,140.00,NULL,'2019-04-04 15:57:00','2019-04-04 15:57:00'),
	(3572,3582,2,1,140.00,NULL,'2019-04-04 16:03:11','2019-04-04 16:03:11'),
	(3582,3592,2,1,140.00,NULL,'2019-04-04 16:08:25','2019-04-04 16:08:25'),
	(3592,3602,2,1,140.00,NULL,'2019-04-04 16:19:04','2019-04-04 16:19:04'),
	(3602,3612,2,1,140.00,NULL,'2019-04-04 16:26:20','2019-04-04 16:26:20'),
	(3612,3622,2,1,140.00,NULL,'2019-04-04 16:29:45','2019-04-04 16:29:45'),
	(3622,3632,2,1,140.00,NULL,'2019-04-04 17:11:04','2019-04-04 17:11:04'),
	(3632,3642,2,1,140.00,NULL,'2019-04-04 17:13:49','2019-04-04 17:13:49'),
	(3642,3652,2,1,140.00,NULL,'2019-04-04 17:23:47','2019-04-04 17:23:47'),
	(3652,3662,2,1,140.00,NULL,'2019-04-04 17:45:54','2019-04-04 17:45:54'),
	(3662,3692,2,1,140.00,NULL,'2019-04-04 17:54:18','2019-04-04 17:54:18'),
	(3672,3672,2,1,140.00,NULL,'2019-04-04 17:54:18','2019-04-04 17:54:18'),
	(3682,3682,2,1,140.00,NULL,'2019-04-04 17:54:18','2019-04-04 17:54:18'),
	(3692,3702,2,1,140.00,NULL,'2019-04-04 18:04:36','2019-04-04 18:04:36'),
	(3702,3712,2,1,140.00,NULL,'2019-04-04 18:12:26','2019-04-04 18:12:26'),
	(3712,3722,2,1,140.00,NULL,'2019-04-04 18:18:52','2019-04-04 18:18:52'),
	(3722,3732,2,1,140.00,NULL,'2019-04-04 18:47:07','2019-04-04 18:47:07'),
	(3732,3742,2,1,140.00,NULL,'2019-04-04 18:50:22','2019-04-04 18:50:22'),
	(3742,3752,2,1,140.00,NULL,'2019-04-04 19:01:13','2019-04-04 19:01:13'),
	(3752,3762,2,1,140.00,NULL,'2019-04-04 19:06:37','2019-04-04 19:06:37'),
	(3762,3772,2,1,140.00,NULL,'2019-04-04 19:11:44','2019-04-04 19:11:44'),
	(3772,3782,2,1,140.00,NULL,'2019-04-04 19:14:51','2019-04-04 19:14:51'),
	(3782,3792,2,1,140.00,NULL,'2019-04-04 19:49:32','2019-04-04 19:49:32'),
	(3792,3802,2,1,140.00,NULL,'2019-04-04 19:49:32','2019-04-04 19:49:32'),
	(3802,3812,2,1,140.00,NULL,'2019-04-04 19:52:38','2019-04-04 19:52:38'),
	(3812,3822,2,1,140.00,NULL,'2019-04-04 19:59:59','2019-04-04 19:59:59'),
	(3822,3832,2,1,140.00,NULL,'2019-04-04 20:13:28','2019-04-04 20:13:28'),
	(3832,3842,2,1,140.00,NULL,'2019-04-04 20:16:46','2019-04-04 20:16:46'),
	(3842,3852,2,1,140.00,NULL,'2019-04-04 20:20:47','2019-04-04 20:20:47'),
	(3852,3862,2,1,140.00,NULL,'2019-04-04 20:56:09','2019-04-04 20:56:09'),
	(3862,3872,2,1,140.00,NULL,'2019-04-04 21:15:19','2019-04-04 21:15:19'),
	(3872,3882,2,1,140.00,NULL,'2019-04-04 21:20:04','2019-04-04 21:20:04'),
	(3902,3912,2,1,140.00,NULL,'2019-04-04 22:13:46','2019-04-04 22:13:46'),
	(3912,3922,2,1,140.00,NULL,'2019-04-04 22:37:17','2019-04-04 22:37:17'),
	(3922,3932,2,1,140.00,NULL,'2019-04-04 22:58:41','2019-04-04 22:58:41'),
	(3932,3942,2,1,140.00,NULL,'2019-04-04 23:20:38','2019-04-04 23:20:38'),
	(3942,3952,2,1,140.00,NULL,'2019-04-04 23:23:17','2019-04-04 23:23:17'),
	(3952,3962,2,1,140.00,NULL,'2019-04-05 00:08:49','2019-04-05 00:08:49'),
	(3972,3982,2,1,140.00,NULL,'2019-04-05 00:26:10','2019-04-05 00:26:10'),
	(3982,3992,2,1,140.00,NULL,'2019-04-05 00:30:04','2019-04-05 00:30:04'),
	(3992,4002,2,1,140.00,NULL,'2019-04-05 00:30:10','2019-04-05 00:30:10'),
	(4002,4012,2,1,140.00,NULL,'2019-04-05 00:49:44','2019-04-05 00:49:44'),
	(4012,4022,2,1,140.00,NULL,'2019-04-05 15:20:43','2019-04-05 15:20:43'),
	(4022,4032,2,1,140.00,NULL,'2019-04-05 15:32:04','2019-04-05 15:32:04'),
	(4032,4042,2,1,140.00,NULL,'2019-04-05 15:36:23','2019-04-05 15:36:23'),
	(4042,4052,2,1,140.00,NULL,'2019-04-05 16:12:15','2019-04-05 16:12:15'),
	(4052,4062,2,1,140.00,NULL,'2019-04-05 16:18:22','2019-04-05 16:18:22'),
	(4062,4072,2,1,140.00,NULL,'2019-04-05 16:20:33','2019-04-05 16:20:33'),
	(4072,4082,2,1,140.00,NULL,'2019-04-05 16:29:31','2019-04-05 16:29:31'),
	(4082,4092,2,1,140.00,NULL,'2019-04-05 16:30:14','2019-04-05 16:30:14'),
	(4092,4102,2,1,140.00,NULL,'2019-04-05 16:32:21','2019-04-05 16:32:21'),
	(4102,4112,2,1,140.00,NULL,'2019-04-05 16:46:18','2019-04-05 16:46:18'),
	(4112,4122,2,1,140.00,NULL,'2019-04-05 16:54:05','2019-04-05 16:54:05'),
	(4122,4132,2,1,140.00,NULL,'2019-04-05 16:54:38','2019-04-05 16:54:38'),
	(4132,4142,2,1,140.00,NULL,'2019-04-05 16:55:25','2019-04-05 16:55:25'),
	(4142,4152,2,1,140.00,NULL,'2019-04-05 17:02:08','2019-04-05 17:02:08'),
	(4152,4162,2,1,140.00,NULL,'2019-04-05 17:07:57','2019-04-05 17:07:57'),
	(4162,4172,2,1,140.00,NULL,'2019-04-05 17:19:13','2019-04-05 17:19:13'),
	(4172,4182,2,1,140.00,NULL,'2019-04-05 17:35:38','2019-04-05 17:35:38'),
	(4182,4192,2,1,140.00,NULL,'2019-04-05 17:40:18','2019-04-05 17:40:18'),
	(4192,4202,2,1,140.00,NULL,'2019-04-05 17:42:03','2019-04-05 17:42:03'),
	(4202,4212,2,1,140.00,NULL,'2019-04-05 17:42:04','2019-04-05 17:42:04'),
	(4212,4222,2,1,140.00,NULL,'2019-04-05 17:47:06','2019-04-05 17:47:06'),
	(4222,4232,2,1,140.00,NULL,'2019-04-05 17:57:05','2019-04-05 17:57:05'),
	(4232,4242,2,1,140.00,NULL,'2019-04-05 18:04:16','2019-04-05 18:04:16'),
	(4242,4252,2,1,140.00,NULL,'2019-04-05 18:44:04','2019-04-05 18:44:04'),
	(4252,4262,2,1,140.00,NULL,'2019-04-05 18:56:45','2019-04-05 18:56:45'),
	(4262,4272,2,1,140.00,NULL,'2019-04-05 19:07:57','2019-04-05 19:07:57'),
	(4272,4282,2,1,140.00,NULL,'2019-04-05 19:35:58','2019-04-05 19:35:58'),
	(4282,4292,2,1,140.00,NULL,'2019-04-05 19:51:00','2019-04-05 19:51:00'),
	(4292,4302,2,1,140.00,NULL,'2019-04-05 20:04:20','2019-04-05 20:04:20'),
	(4302,4312,2,1,140.00,NULL,'2019-04-05 20:16:07','2019-04-05 20:16:07'),
	(4312,4322,2,1,140.00,NULL,'2019-04-05 20:28:30','2019-04-05 20:28:30'),
	(4322,4332,2,1,140.00,NULL,'2019-04-05 20:28:31','2019-04-05 20:28:31'),
	(4332,4342,2,1,140.00,NULL,'2019-04-05 20:30:36','2019-04-05 20:30:36'),
	(4342,4352,2,1,140.00,NULL,'2019-04-05 20:54:49','2019-04-05 20:54:49'),
	(4352,4362,2,1,140.00,NULL,'2019-04-05 20:54:58','2019-04-05 20:54:58'),
	(4362,4372,2,1,140.00,NULL,'2019-04-05 20:56:39','2019-04-05 20:56:39'),
	(4372,4382,2,1,140.00,NULL,'2019-04-05 20:56:39','2019-04-05 20:56:39'),
	(4382,4392,2,1,140.00,NULL,'2019-04-05 21:13:50','2019-04-05 21:13:50'),
	(4392,4402,2,1,140.00,NULL,'2019-04-05 21:13:51','2019-04-05 21:13:51'),
	(4402,4412,2,1,140.00,NULL,'2019-04-05 21:13:51','2019-04-05 21:13:51'),
	(4412,4422,2,1,140.00,NULL,'2019-04-05 21:33:55','2019-04-05 21:33:55'),
	(4422,4432,2,1,140.00,NULL,'2019-04-05 21:45:58','2019-04-05 21:45:58'),
	(4432,4442,2,1,140.00,NULL,'2019-04-05 21:47:19','2019-04-05 21:47:19'),
	(4442,4452,2,1,140.00,NULL,'2019-04-05 22:02:06','2019-04-05 22:02:06'),
	(4452,4462,2,1,140.00,NULL,'2019-04-05 22:41:57','2019-04-05 22:41:57'),
	(4462,4472,2,1,140.00,NULL,'2019-04-05 22:42:01','2019-04-05 22:42:01'),
	(4472,4482,2,2,280.00,NULL,'2019-04-05 22:48:41','2019-04-05 22:48:41'),
	(4482,4492,2,1,140.00,NULL,'2019-04-05 22:59:36','2019-04-05 22:59:36'),
	(4492,4502,2,1,140.00,NULL,'2019-04-05 23:59:11','2019-04-05 23:59:11'),
	(4502,4512,2,1,140.00,NULL,'2019-04-08 17:05:48','2019-04-08 17:05:48'),
	(4512,4522,2,1,140.00,NULL,'2019-04-08 17:05:48','2019-04-08 17:05:48'),
	(4522,4532,2,1,140.00,NULL,'2019-04-08 17:15:22','2019-04-08 17:15:22'),
	(4532,4542,2,1,140.00,NULL,'2019-04-08 17:18:21','2019-04-08 17:18:21'),
	(4542,4552,2,1,140.00,NULL,'2019-04-08 17:21:43','2019-04-08 17:21:43'),
	(4552,4562,2,1,140.00,NULL,'2019-04-08 17:21:44','2019-04-08 17:21:44'),
	(4562,4572,2,2,280.00,NULL,'2019-04-08 17:23:34','2019-04-08 17:23:34'),
	(4572,4582,2,1,140.00,NULL,'2019-04-08 17:27:10','2019-04-08 17:27:10'),
	(4582,4592,2,1,140.00,NULL,'2019-04-08 17:37:35','2019-04-08 17:37:35'),
	(4592,4602,2,1,140.00,NULL,'2019-04-08 17:45:44','2019-04-08 17:45:44'),
	(4602,4612,2,2,280.00,NULL,'2019-04-08 18:04:51','2019-04-08 18:04:51'),
	(4612,4622,2,1,140.00,NULL,'2019-04-08 18:04:52','2019-04-08 18:04:52'),
	(4622,4632,2,1,140.00,NULL,'2019-04-08 18:27:07','2019-04-08 18:27:07'),
	(4632,4642,2,1,140.00,NULL,'2019-04-08 18:31:39','2019-04-08 18:31:39'),
	(4642,4652,2,1,140.00,NULL,'2019-04-08 18:42:05','2019-04-08 18:42:05'),
	(4652,4662,2,1,140.00,NULL,'2019-04-08 18:47:00','2019-04-08 18:47:00'),
	(4662,4672,2,1,140.00,NULL,'2019-04-08 19:20:26','2019-04-08 19:20:26'),
	(4672,4682,2,1,140.00,NULL,'2019-04-08 20:13:18','2019-04-08 20:13:18'),
	(4682,4692,2,1,140.00,NULL,'2019-04-08 20:37:24','2019-04-08 20:37:24'),
	(4692,4702,2,1,140.00,NULL,'2019-04-08 20:47:01','2019-04-08 20:47:01'),
	(4702,4712,2,1,140.00,NULL,'2019-04-08 20:51:12','2019-04-08 20:51:12'),
	(4712,4722,2,1,140.00,NULL,'2019-04-08 20:55:59','2019-04-08 20:55:59'),
	(4722,4732,2,1,140.00,NULL,'2019-04-08 20:55:59','2019-04-08 20:55:59'),
	(4732,4742,2,1,140.00,NULL,'2019-04-08 21:15:34','2019-04-08 21:15:34'),
	(4742,4752,2,2,280.00,NULL,'2019-04-08 21:39:15','2019-04-08 21:39:15'),
	(4752,4762,2,3,420.00,NULL,'2019-04-08 22:07:51','2019-04-08 22:07:51'),
	(4762,4772,2,1,140.00,NULL,'2019-04-08 22:34:01','2019-04-08 22:34:01'),
	(4772,4782,2,1,140.00,NULL,'2019-04-09 15:35:39','2019-04-09 15:35:39'),
	(4782,4792,2,1,140.00,NULL,'2019-04-09 15:42:21','2019-04-09 15:42:21'),
	(4792,4802,2,2,280.00,NULL,'2019-04-09 16:02:34','2019-04-09 16:02:34'),
	(4802,4812,2,3,420.00,NULL,'2019-04-09 16:09:11','2019-04-09 16:09:11'),
	(4812,4822,2,1,140.00,NULL,'2019-04-09 16:17:53','2019-04-09 16:17:53'),
	(4822,4832,2,1,140.00,NULL,'2019-04-09 16:28:38','2019-04-09 16:28:38'),
	(4832,4842,2,1,140.00,NULL,'2019-04-09 16:33:18','2019-04-09 16:33:18'),
	(4842,4852,2,1,140.00,NULL,'2019-04-09 16:43:42','2019-04-09 16:43:42');

/*!40000 ALTER TABLE `orders_wares` ENABLE KEYS */;
UNLOCK TABLES;


# Dump of table payments
# ------------------------------------------------------------

DROP TABLE IF EXISTS `payments`;

CREATE TABLE `payments` (
  `id` bigint(20) NOT NULL AUTO_INCREMENT,
  `order_id` bigint(20) DEFAULT NULL,
  `total_paid` decimal(13,2) DEFAULT NULL,
  `date` date DEFAULT NULL,
  `status` int(11) DEFAULT '0',
  `created_at` datetime NOT NULL,
  `updated_at` datetime NOT NULL,
  `latitude` decimal(10,6) DEFAULT NULL,
  `longitude` decimal(10,6) DEFAULT NULL,
  `observations` text,
  PRIMARY KEY (`id`),
  KEY `index_payments_on_order_id` (`order_id`),
  CONSTRAINT `fk_rails_6af949464b` FOREIGN KEY (`order_id`) REFERENCES `orders` (`id`)
) ENGINE=InnoDB DEFAULT CHARSET=utf8;

LOCK TABLES `payments` WRITE;
/*!40000 ALTER TABLE `payments` DISABLE KEYS */;

INSERT INTO `payments` (`id`, `order_id`, `total_paid`, `date`, `status`, `created_at`, `updated_at`, `latitude`, `longitude`, `observations`)
VALUES
	(32,652,20.00,'2019-03-30',0,'2019-03-30 16:54:54','2019-03-30 16:54:54',-0.271180,-79.459758,'Pago'),
	(42,652,20.00,'2019-03-30',0,'2019-03-30 16:55:17','2019-03-30 16:55:17',-0.271180,-79.459758,'Pago'),
	(52,1972,5.00,'2019-04-03',0,'2019-04-03 17:31:22','2019-04-03 17:31:22',-0.272123,-79.214637,'Pasar el lunes 8 abril'),
	(62,3852,0.00,'2019-04-04',0,'2019-04-04 23:41:24','2019-04-04 23:41:24',-0.270318,-79.445516,'Devolucion'),
	(72,1522,0.00,'2019-04-04',0,'2019-04-05 02:50:52','2019-04-05 02:50:52',-0.249415,-79.143039,'No '),
	(82,1522,0.00,'2019-04-04',0,'2019-04-05 02:50:52','2019-04-05 02:50:52',-0.249415,-79.143039,'No '),
	(92,1612,0.00,'2019-04-04',0,'2019-04-05 02:58:26','2019-04-05 02:58:26',-0.249576,-79.143015,'Devolucion'),
	(102,3702,20.00,'2019-04-05',0,'2019-04-05 12:19:35','2019-04-05 12:19:35',-0.249622,-79.143127,'Pago 4'),
	(112,3702,20.00,'2019-04-05',0,'2019-04-05 12:19:37','2019-04-05 12:19:37',-0.249622,-79.143127,'Pago 4'),
	(122,1522,20.00,'2019-04-05',0,'2019-04-05 12:29:01','2019-04-05 12:29:01',-0.249389,-79.143024,'No estaba '),
	(132,1522,20.00,'2019-04-05',0,'2019-04-05 12:29:01','2019-04-05 12:29:01',-0.249389,-79.143024,'No estaba '),
	(142,1522,20.00,'2019-04-05',0,'2019-04-05 12:29:02','2019-04-05 12:29:02',-0.249389,-79.143024,'No estaba '),
	(152,1522,20.00,'2019-04-05',0,'2019-04-05 12:29:02','2019-04-05 12:29:02',-0.249389,-79.143024,'No estaba '),
	(162,1522,20.00,'2019-04-05',0,'2019-04-05 12:29:02','2019-04-05 12:29:02',-0.249389,-79.143024,'No estaba '),
	(172,1522,20.00,'2019-04-05',0,'2019-04-05 12:29:03','2019-04-05 12:29:03',-0.249389,-79.143024,'No estaba '),
	(182,1522,20.00,'2019-04-05',0,'2019-04-05 12:29:03','2019-04-05 12:29:03',-0.249389,-79.143024,'No estaba '),
	(192,1522,20.00,'2019-04-05',0,'2019-04-05 12:29:04','2019-04-05 12:29:04',-0.249389,-79.143024,'No estaba '),
	(202,1522,20.00,'2019-04-05',0,'2019-04-05 12:29:04','2019-04-05 12:29:04',-0.249389,-79.143024,'No estaba '),
	(212,1522,20.00,'2019-04-05',0,'2019-04-05 12:29:05','2019-04-05 12:29:05',-0.249389,-79.143024,'No estaba '),
	(222,1522,20.00,'2019-04-05',0,'2019-04-05 12:29:05','2019-04-05 12:29:05',-0.249389,-79.143024,'No estaba '),
	(232,1522,20.00,'2019-04-05',0,'2019-04-05 12:29:06','2019-04-05 12:29:06',-0.249389,-79.143024,'No estaba '),
	(242,1522,20.00,'2019-04-05',0,'2019-04-05 12:29:06','2019-04-05 12:29:06',-0.249389,-79.143024,'No estaba '),
	(252,1522,20.00,'2019-04-05',0,'2019-04-05 12:29:07','2019-04-05 12:29:07',-0.249389,-79.143024,'No estaba '),
	(262,1522,20.00,'2019-04-05',0,'2019-04-05 12:29:07','2019-04-05 12:29:07',-0.249389,-79.143024,'No estaba '),
	(272,1522,20.00,'2019-04-05',0,'2019-04-05 12:29:08','2019-04-05 12:29:08',-0.249389,-79.143024,'No estaba '),
	(282,1522,20.00,'2019-04-05',0,'2019-04-05 12:29:08','2019-04-05 12:29:08',-0.249389,-79.143024,'No estaba '),
	(292,1522,20.00,'2019-04-05',0,'2019-04-05 12:29:09','2019-04-05 12:29:09',-0.249389,-79.143024,'No estaba '),
	(302,1522,20.00,'2019-04-05',0,'2019-04-05 12:29:09','2019-04-05 12:29:09',-0.249389,-79.143024,'No estaba '),
	(312,3482,0.00,'2019-04-04',0,'2019-04-05 15:15:04','2019-04-05 15:15:04',-0.264026,-79.197598,'Reprogramo para el lunes 8 abril llamar antes de venir por que de pronto no esta '),
	(322,3482,0.00,'2019-04-04',0,'2019-04-05 15:15:25','2019-04-05 15:15:25',-0.264026,-79.197598,'Reprogramo para el lunes 8 abril llamar antes de venir por que de pronto no esta '),
	(332,122,0.00,'2019-04-05',0,'2019-04-05 15:54:16','2019-04-05 15:54:16',-0.271187,-79.436243,'No estaba'),
	(342,3722,0.00,'2019-04-05',0,'2019-04-05 18:07:13','2019-04-05 18:07:13',-0.240310,-79.182434,'Devolucion'),
	(352,3722,0.00,'2019-04-05',0,'2019-04-05 18:07:21','2019-04-05 18:07:21',-0.240310,-79.182434,'Devolucion'),
	(362,3722,0.00,'2019-04-05',0,'2019-04-05 18:07:34','2019-04-05 18:07:34',-0.240310,-79.182434,'Devolucion'),
	(372,3722,0.00,'2019-04-05',0,'2019-04-05 18:07:50','2019-04-05 18:07:50',-0.240310,-79.182434,'Devolucion'),
	(382,4292,0.00,'2019-04-05',0,'2019-04-05 19:58:38','2019-04-05 19:58:38',-0.264255,-79.478369,'No estaba'),
	(392,2602,10.00,'2019-04-05',0,'2019-04-05 20:51:48','2019-04-05 20:51:48',-0.282039,-79.213215,'Vendedor dice q este primer mes 10'),
	(402,2592,5.00,'2019-04-05',0,'2019-04-05 20:52:47','2019-04-05 20:52:47',-0.282039,-79.213215,'Completa el 8'),
	(412,2582,10.00,'2019-04-05',0,'2019-04-05 20:53:21','2019-04-05 20:53:21',-0.282019,-79.213229,'Paga quincenal'),
	(422,2212,0.00,'2019-04-05',0,'2019-04-05 20:54:47','2019-04-05 20:54:47',-0.282019,-79.213229,'Va a devolver pero q le di vuelvan su dinero '),
	(432,3212,0.00,'2019-04-05',0,'2019-04-05 20:56:51','2019-04-05 20:56:51',-0.252413,-79.491753,'No estaba'),
	(442,3212,0.00,'2019-04-05',0,'2019-04-05 20:56:52','2019-04-05 20:56:52',-0.252414,-79.491754,'No estaba'),
	(452,502,0.00,'2019-04-05',0,'2019-04-05 22:22:49','2019-04-05 22:22:49',-0.273307,-79.463724,'No estaba'),
	(462,3212,0.00,'2019-04-06',0,'2019-04-06 15:50:38','2019-04-06 15:50:38',-0.249509,-79.142997,'No estaba'),
	(472,3212,0.00,'2019-04-06',0,'2019-04-06 15:50:39','2019-04-06 15:50:39',-0.249509,-79.142997,'No estaba'),
	(482,3152,20.00,'2019-04-06',0,'2019-04-06 16:15:48','2019-04-06 16:15:48',-0.249576,-79.142980,'La sra psgo'),
	(492,3152,20.00,'2019-04-06',0,'2019-04-06 16:16:02','2019-04-06 16:16:02',-0.249551,-79.142978,'La sra psgo'),
	(502,4112,5.00,'2019-04-07',0,'2019-04-08 01:58:56','2019-04-08 01:58:56',-0.249499,-79.142753,'Ok'),
	(512,4092,10.00,'2019-04-07',0,'2019-04-08 02:07:58','2019-04-08 02:07:58',-0.249466,-79.143104,'Ok'),
	(522,4092,10.00,'2019-04-07',0,'2019-04-08 02:08:56','2019-04-08 02:08:56',-0.249466,-79.143104,'Ok'),
	(532,4092,10.00,'2019-04-07',0,'2019-04-08 02:08:56','2019-04-08 02:08:56',-0.249466,-79.143104,'Ok'),
	(542,4092,10.00,'2019-04-07',0,'2019-04-08 02:08:57','2019-04-08 02:08:57',-0.249466,-79.143104,'Ok'),
	(552,4092,10.00,'2019-04-07',0,'2019-04-08 02:08:57','2019-04-08 02:08:57',-0.249466,-79.143104,'Ok'),
	(562,4092,10.00,'2019-04-07',0,'2019-04-08 02:09:20','2019-04-08 02:09:20',-0.249466,-79.143104,'Ok'),
	(572,4502,0.00,'2019-04-07',0,'2019-04-08 02:30:50','2019-04-08 02:30:50',-0.249434,-79.143199,'Reprogrsmo'),
	(582,3212,0.00,'2019-04-06',0,'2019-04-08 15:35:12','2019-04-08 15:35:12',-0.249509,-79.142997,'No estaba'),
	(592,3212,0.00,'2019-04-06',0,'2019-04-08 15:35:12','2019-04-08 15:35:12',-0.249509,-79.142997,'No estaba'),
	(602,3362,0.00,'2019-04-08',0,'2019-04-08 16:14:10','2019-04-08 16:14:10',-0.283630,-79.178751,'Aplazado no estaba'),
	(612,3362,0.00,'2019-04-08',0,'2019-04-08 16:14:17','2019-04-08 16:14:17',-0.283630,-79.178751,'Aplazado no estaba'),
	(622,852,0.00,'2019-04-08',0,'2019-04-08 17:05:42','2019-04-08 17:05:42',-0.290407,-79.182370,'Va a devolver y no estaba ella'),
	(632,3212,0.00,'2019-04-06',0,'2019-04-08 18:45:06','2019-04-08 18:45:06',-0.249509,-79.142997,'No estaba'),
	(642,3212,0.00,'2019-04-06',0,'2019-04-08 18:45:06','2019-04-08 18:45:06',-0.249509,-79.142997,'No estaba'),
	(652,4672,20.00,'2019-04-08',0,'2019-04-08 19:23:04','2019-04-08 19:23:04',-0.229953,-79.174432,'Ok'),
	(662,4672,20.00,'2019-04-08',0,'2019-04-08 19:24:08','2019-04-08 19:24:08',-0.229953,-79.174432,'Ok'),
	(672,4672,20.00,'2019-04-08',0,'2019-04-08 19:41:41','2019-04-08 19:41:41',-0.229953,-79.174432,'Ok'),
	(682,4672,20.00,'2019-04-08',0,'2019-04-08 19:41:41','2019-04-08 19:41:41',-0.229953,-79.174432,'Ok'),
	(692,3212,0.00,'2019-04-06',0,'2019-04-08 20:50:56','2019-04-08 20:50:56',-0.249509,-79.142997,'No estaba'),
	(702,3212,0.00,'2019-04-06',0,'2019-04-08 20:50:57','2019-04-08 20:50:57',-0.249509,-79.142997,'No estaba'),
	(712,2502,0.00,'2019-04-08',0,'2019-04-08 22:50:06','2019-04-08 22:50:06',-0.263340,-79.198306,'Va a devolver'),
	(722,3312,0.00,'2019-04-08',0,'2019-04-08 23:03:42','2019-04-08 23:03:42',-0.262941,-79.198316,'Va a devolver porq se separo de la mujer'),
	(732,3362,0.00,'2019-04-09',0,'2019-04-09 15:58:02','2019-04-09 15:58:02',-0.283615,-79.178773,'Reprgramo');

/*!40000 ALTER TABLE `payments` ENABLE KEYS */;
UNLOCK TABLES;


# Dump of table roles
# ------------------------------------------------------------

DROP TABLE IF EXISTS `roles`;

CREATE TABLE `roles` (
  `id` bigint(20) NOT NULL AUTO_INCREMENT,
  `name` varchar(255) DEFAULT NULL,
  `resource_type` varchar(255) DEFAULT NULL,
  `resource_id` bigint(20) DEFAULT NULL,
  `created_at` datetime NOT NULL,
  `updated_at` datetime NOT NULL,
  PRIMARY KEY (`id`),
  KEY `index_roles_on_resource_type_and_resource_id` (`resource_type`,`resource_id`),
  KEY `index_roles_on_name` (`name`),
  KEY `index_roles_on_name_and_resource_type_and_resource_id` (`name`,`resource_type`,`resource_id`)
) ENGINE=InnoDB DEFAULT CHARSET=utf8;

LOCK TABLES `roles` WRITE;
/*!40000 ALTER TABLE `roles` DISABLE KEYS */;

INSERT INTO `roles` (`id`, `name`, `resource_type`, `resource_id`, `created_at`, `updated_at`)
VALUES
	(1,'admin',NULL,NULL,'2019-03-11 00:34:46','2019-03-11 00:34:46'),
	(2,'seller',NULL,NULL,'2019-03-11 00:34:46','2019-03-11 00:34:46'),
	(3,'collector',NULL,NULL,'2019-03-11 00:34:46','2019-03-11 00:34:46');

/*!40000 ALTER TABLE `roles` ENABLE KEYS */;
UNLOCK TABLES;


# Dump of table schema_migrations
# ------------------------------------------------------------

DROP TABLE IF EXISTS `schema_migrations`;

CREATE TABLE `schema_migrations` (
  `version` varchar(255) NOT NULL,
  PRIMARY KEY (`version`)
) ENGINE=InnoDB DEFAULT CHARSET=utf8;

LOCK TABLES `schema_migrations` WRITE;
/*!40000 ALTER TABLE `schema_migrations` DISABLE KEYS */;

INSERT INTO `schema_migrations` (`version`)
VALUES
	('20190213153240'),
	('20190214230349'),
	('20190215172143'),
	('20190215231937'),
	('20190216180205'),
	('20190220211948'),
	('20190220213917'),
	('20190221045949'),
	('20190221051108'),
	('20190221052520'),
	('20190221173733'),
	('20190221185056'),
	('20190221185945'),
	('20190221190319'),
	('20190222160643'),
	('20190223182435'),
	('20190224151710'),
	('20190226145638'),
	('20190305213341'),
	('20190306023732'),
	('20190306030724'),
	('20190310204938'),
	('20190311162810'),
	('20190321185419'),
	('20190321194824'),
	('20190326134555');

/*!40000 ALTER TABLE `schema_migrations` ENABLE KEYS */;
UNLOCK TABLES;


# Dump of table users
# ------------------------------------------------------------

DROP TABLE IF EXISTS `users`;

CREATE TABLE `users` (
  `id` bigint(20) NOT NULL AUTO_INCREMENT,
  `email` varchar(255) NOT NULL DEFAULT '',
  `encrypted_password` varchar(255) NOT NULL DEFAULT '',
  `reset_password_token` varchar(255) DEFAULT NULL,
  `reset_password_sent_at` datetime DEFAULT NULL,
  `remember_created_at` datetime DEFAULT NULL,
  `created_at` datetime NOT NULL,
  `updated_at` datetime NOT NULL,
  `firstname` varchar(255) DEFAULT NULL,
  `lastname` varchar(255) DEFAULT NULL,
  `cellphone` varchar(255) DEFAULT NULL,
  PRIMARY KEY (`id`),
  UNIQUE KEY `index_users_on_email` (`email`),
  UNIQUE KEY `index_users_on_reset_password_token` (`reset_password_token`)
) ENGINE=InnoDB DEFAULT CHARSET=utf8;

LOCK TABLES `users` WRITE;
/*!40000 ALTER TABLE `users` DISABLE KEYS */;

INSERT INTO `users` (`id`, `email`, `encrypted_password`, `reset_password_token`, `reset_password_sent_at`, `remember_created_at`, `created_at`, `updated_at`, `firstname`, `lastname`, `cellphone`)
VALUES
	(2,'chj54@hotmail.com','$2a$11$F.jdXw78pobwrTctVuuioOVbejZhntBUSf.BPaBsyxDHJMoESb61.',NULL,NULL,NULL,'2019-02-19 20:06:26','2019-04-04 16:12:00','User','Admin','123456789'),
	(12,'darenas@softdreams.co','$2a$11$eKnwOn6/HTl.8oS/azjUc.8.pIjaPJVcBxVb4lTfUlZFmV1PkrAcu',NULL,NULL,NULL,'2019-02-20 03:26:10','2019-02-20 03:26:10','Daniel','Arenas','3002467379'),
	(22,'andrescamilo@gmail.com','$2a$11$jBqsyr1G30S9i1snS0njV./WpKFqoAcCWCvLj9p/MkgwRoNrvgjl.',NULL,NULL,NULL,'2019-02-21 20:18:29','2019-02-21 20:18:29','Andres','Camilo','3002342334'),
	(32,'jeva19234@hotmail.com','$2a$11$FKekE2V0S4nRGgnp08Us6.swnxUCCJtjBITPxSJ0aHflIHX1EBoj6',NULL,NULL,NULL,'2019-03-26 20:39:20','2019-03-26 20:39:38','Jhon','Edwar','593958705972'),
	(42,'luisvaca@hotmail.com','$2a$11$nTYbs5Cs0clvfoiY/Jw/jeVeP8dVJHzXnN6oaokKYZ7EOD40MBpDe',NULL,NULL,NULL,'2019-03-28 20:33:14','2019-03-29 14:40:28','Luis Alberto ','vaca','000'),
	(52,'martha.bohorquez@gmail.com','$2a$11$JCv2ZkA6x3AKsuU3yre69OVSzJjwU0tXQSVHj5wWcGZw3RpAn7Jjm',NULL,NULL,NULL,'2019-03-28 20:33:58','2019-03-28 20:33:58','Martha','bohorquez','000'),
	(62,'daybellis.maestre@gmail.com','$2a$11$DXSYKM01j2woOI9BOw7MquNpHyRT3xeRxhTnV4GTvYQ/jBP/5075K',NULL,NULL,NULL,'2019-03-28 20:34:34','2019-03-28 20:34:34','Daybellis ','maestre','0000'),
	(72,'eibar.zuniga@gmail.com','$2a$11$tyMxJll5r3eLQFGQMUgviOp029ebU93TcABrn1EHsfnuLGuER6xf.',NULL,NULL,NULL,'2019-03-28 20:35:33','2019-03-28 20:35:33','Eibar ','Zúñiga ','000'),
	(82,'gregori.sampayo@gamil.com','$2a$11$gZo6Y//sLkwsAqKGlhC1OeprAumlknopASOopp4JxoA8PZ8ftCtLy',NULL,NULL,NULL,'2019-03-28 20:36:42','2019-03-28 20:36:42','Gregor ','sampayo ','000'),
	(92,'janerroa96@gmail.com','$2a$11$KRy0J68IYrCCeuqc/cTV3.zfJukZKxjTXLTfTx7EP0otora2uqvxi',NULL,NULL,NULL,'2019-03-28 20:37:26','2019-03-29 14:38:49','Janer ','Roa ','000'),
	(102,'alejandra.espitia@gmail.com','$2a$11$SOs.M7NspFkddcYZB1i85ufW0k7fQ4FOO6jdJV5WOzQ4mxBmnrB7S',NULL,NULL,NULL,'2019-03-28 20:38:10','2019-03-28 20:38:10','Alejandra','espitia','000'),
	(112,'irene.pedroso@gmail.com','$2a$11$iOjCLRrq5cHf5vdEvrmLK.epa4vckZ17NbOYHGuGT03dOKWindbsS',NULL,NULL,NULL,'2019-03-28 20:38:54','2019-03-28 20:38:54','Irene ','pedroso ','000'),
	(122,'manuela@gmail.com','$2a$11$UirdqDctZ5NhYhvaJ1DAXOZSYxpcfL06.NlM/RFHCMU0US/mR1iAu',NULL,NULL,NULL,'2019-03-28 20:40:06','2019-03-28 20:40:06','Manuela','Ven','000'),
	(132,'francisco@gmail.com','$2a$11$iI7ucNGFRYCcwi6Mu019eOCgFqvWi53enMW6yiKzKSZ9shSY/VfNG',NULL,NULL,NULL,'2019-03-28 20:40:41','2019-03-28 20:40:41','Francisco','VEN','000'),
	(142,'sandra.londono@gmail.com','$2a$11$B7z3t5r1Wj6BSxpf2NGerOu3EnPQ30clHQ5a.Y6Ssc4HGX1lud35C',NULL,NULL,NULL,'2019-03-28 20:41:18','2019-03-28 20:41:18','Sandra londoño ','londoño ','000'),
	(152,'jenny.rojas@gmail.com','$2a$11$0P9VsmCR2Hs3fD8VzPguo.KC3rxMHAYVH1mxRvwrjVQ1jFpDs9mAe',NULL,NULL,NULL,'2019-03-28 20:42:02','2019-03-28 20:42:02','Jenny ','rojas ','000'),
	(162,'fabian.rubiano@gmail.com','$2a$11$hzXGu0GuPNHFrtQrwm7Jn.gYmwG3KNBficrkVZ6m3QflTyH1Ekczy',NULL,NULL,NULL,'2019-03-28 20:42:46','2019-03-28 20:42:46','Fabián ','rubiano ','000'),
	(172,'capullo3114@hotmail.com','$2a$11$E4UmUEXnRg79sd61nBdT8u7TccZx0UibG0miW591UPuH1utaAlWKK',NULL,NULL,NULL,'2019-03-28 20:43:31','2019-03-29 14:42:29','Johanna ','Guzmán ','000'),
	(182,'fernando.castro@gmail.com','$2a$11$Ec8zEQ1pCpRnwFQMm1EAXe4/l23DDdo6K3BfX1D/1sGNEhf.8IDHS',NULL,NULL,NULL,'2019-03-28 20:44:10','2019-03-28 20:44:10','Fernando ','castro ','000'),
	(192,'jhony.vargas@gmail.com','$2a$11$elKTiQdlodQ2dqvvMnsSkuFuCfG.s67F4iy33ADla0m.nVG6ROq7G',NULL,NULL,NULL,'2019-03-28 20:44:49','2019-03-28 20:44:49','Jhony ','Vargas ','000'),
	(202,'carlos.herrera@gmail.com','$2a$11$JnjzY96fTEdFxsZzDCojDeWv0QmVRFd6ICLXi8DLfsy3fhv8t64aS',NULL,NULL,NULL,'2019-03-28 20:45:24','2019-03-28 20:45:24','Carlos','Herrera','000'),
	(212,'directoredivalle@hotmail.com','$2a$11$BfV57BsKzF0y442EBEnCtOwWg8bHWZx.cup0mDaZS58fpHH8XHbJW',NULL,NULL,NULL,'2019-04-01 21:49:15','2019-04-01 21:49:15','Fernando ','Castro','0987290687'),
	(222,'heillerhg13@hotmail.com','$2a$11$XzAuZWb3KUpVw342uVNcWetWJ295mVmJ8XNIF7GYMtpEcCoBMhVuu',NULL,NULL,NULL,'2019-04-01 21:51:29','2019-04-01 21:51:29','Heiller ','Herrera ','3183500934'),
	(232,'luismoreno@hotmail.com','$2a$11$GBWmg./oUDPme8J1HUdL0eBBn1EEzFk0p1iOQMfnipDt1QnykqWUy',NULL,NULL,NULL,'2019-04-01 21:54:03','2019-04-01 21:54:03','Luis','Moreno','00'),
	(242,'luisrolo@hotmail.com','$2a$11$er3yNuJMBdAA1E5t5YCgMeiTV3FUP7BqtXWsA6sOEf5EEFVsy0AH2',NULL,NULL,NULL,'2019-04-04 16:16:14','2019-04-04 16:16:14','Luis','Vaca','0983260871');

/*!40000 ALTER TABLE `users` ENABLE KEYS */;
UNLOCK TABLES;


# Dump of table users_roles
# ------------------------------------------------------------

DROP TABLE IF EXISTS `users_roles`;

CREATE TABLE `users_roles` (
  `user_id` bigint(20) DEFAULT NULL,
  `role_id` bigint(20) DEFAULT NULL,
  KEY `index_users_roles_on_user_id` (`user_id`),
  KEY `index_users_roles_on_role_id` (`role_id`),
  KEY `index_users_roles_on_user_id_and_role_id` (`user_id`,`role_id`)
) ENGINE=InnoDB DEFAULT CHARSET=utf8;

LOCK TABLES `users_roles` WRITE;
/*!40000 ALTER TABLE `users_roles` DISABLE KEYS */;

INSERT INTO `users_roles` (`user_id`, `role_id`)
VALUES
	(2,1),
	(12,1),
	(22,1),
	(32,3),
	(42,2),
	(52,2),
	(62,2),
	(72,2),
	(82,2),
	(92,2),
	(102,2),
	(112,2),
	(122,2),
	(132,2),
	(142,2),
	(152,2),
	(162,2),
	(172,2),
	(182,2),
	(192,2),
	(202,1),
	(212,1),
	(222,1),
	(232,3),
	(242,1);

/*!40000 ALTER TABLE `users_roles` ENABLE KEYS */;
UNLOCK TABLES;


# Dump of table wares
# ------------------------------------------------------------

DROP TABLE IF EXISTS `wares`;

CREATE TABLE `wares` (
  `id` bigint(20) NOT NULL AUTO_INCREMENT,
  `reference` varchar(255) DEFAULT NULL,
  `name` varchar(255) DEFAULT NULL,
  `price` decimal(13,2) DEFAULT NULL,
  `quantity` int(11) DEFAULT NULL,
  `created_at` datetime NOT NULL,
  `updated_at` datetime NOT NULL,
  PRIMARY KEY (`id`)
) ENGINE=InnoDB DEFAULT CHARSET=utf8;

LOCK TABLES `wares` WRITE;
/*!40000 ALTER TABLE `wares` DISABLE KEYS */;

INSERT INTO `wares` (`id`, `reference`, `name`, `price`, `quantity`, `created_at`, `updated_at`)
VALUES
	(2,'123-234','Biblia',140.00,50,'2019-02-20 03:31:48','2019-03-28 20:21:19');

/*!40000 ALTER TABLE `wares` ENABLE KEYS */;
UNLOCK TABLES;



/*!40111 SET SQL_NOTES=@OLD_SQL_NOTES */;
/*!40101 SET SQL_MODE=@OLD_SQL_MODE */;
/*!40014 SET FOREIGN_KEY_CHECKS=@OLD_FOREIGN_KEY_CHECKS */;
/*!40101 SET CHARACTER_SET_CLIENT=@OLD_CHARACTER_SET_CLIENT */;
/*!40101 SET CHARACTER_SET_RESULTS=@OLD_CHARACTER_SET_RESULTS */;
/*!40101 SET COLLATION_CONNECTION=@OLD_COLLATION_CONNECTION */;
